company_id,company_size,employees,annual_revenue,baseline_ebitda,ebitda_margin,industry,company_age,region,ownership,growth_stage,project_type,complexity,investment_amount,ai_intensity,deployment_months,has_kpi_tracking,is_mature_implementation,is_successful,success_probability,revenue_impact_pct,ebitda_impact_pct,valuation_multiple_expansion,revenue_increase_absolute,ebitda_increase_absolute,annual_roi,payback_months,project_id,start_date,status,completion_percentage,primary_technology,team_size,has_external_vendor
COMP_0001,Small,3,282711.22,49619.26,0.1755,Technology,13,Europe,Private,Mature,Computer Vision,Basic,3791.55,0.013411,3,False,False,True,0.71,2.66,4.68,0.268,7517.64,2321.68,1.2975,19.6,AI_PROJ_0001,2023-05-17,Completed,1.0,IBM Watson + Java,6,False
COMP_0002,Medium,71,19990320.22,2357084.65,0.1179,Government,1,North America,Private,Startup,Predictive Analytics,Basic,357503.65,0.017884,5,False,False,False,0.34,2.41,2.63,0.121,482420.59,62053.99,0.7615,69.1,AI_PROJ_0002,2024-05-27,Completed,1.0,H2O.ai + R,15,False
COMP_0003,Medium,499,164662651.77,32104106.48,0.195,Other,5,North America,Private,Startup,Customer Analytics/Personalization,Intermediate,9098556.2,0.055256,3,False,False,False,0.56,-2.8,-2.87,-0.14,-4614219.07,-921668.07,-0.3042,120.0,AI_PROJ_0003,2023-12-22,Completed,1.0,Azure ML + .NET,2,False
COMP_0004,Small,5,511297.27,73270.16,0.1433,Healthcare,9,Europe,Private,Growth,Predictive Analytics,Basic,13646.11,0.026689,3,False,False,True,0.54,50.0,80.0,4.0,255648.64,58616.13,11.5148,2.8,AI_PROJ_0004,2025-02-17,Deployment,0.73,IBM Watson + Java,6,False
COMP_0005,Medium,50,12563934.91,2231875.43,0.1776,Technology,42,North America,Private,Mature,Customer Analytics/Personalization,Intermediate,111790.31,0.008898,3,False,False,True,0.71,7.82,12.04,1.674,982953.05,268693.27,5.5982,5.0,AI_PROJ_0005,2024-12-22,Deployment,0.87,Apache Spark + Scala,24,False
COMP_0006,Small,49,3531232.95,577496.23,0.1635,Manufacturing,5,North America,Private,Startup,Predictive Analytics,Intermediate,60237.37,0.017058,5,False,True,False,0.67,2.02,1.82,0.101,71285.52,10529.24,0.6791,68.7,AI_PROJ_0006,2025-04-04,Development,0.62,IBM Watson + Java,5,False
COMP_0007,Small,16,2143390.14,455568.64,0.2125,Financial Services,34,Asia-Pacific,Private,Mature,Process Automation,Intermediate,79786.7,0.037225,3,True,False,True,0.78,37.88,80.0,4.0,811829.2,364454.91,7.3714,2.6,AI_PROJ_0007,2024-07-21,Completed,1.0,TensorFlow + Python,11,True
COMP_0008,Small,4,504209.39,31711.38,0.0629,Other,14,Asia-Pacific,Private,Growth,Customer Analytics/Personalization,Intermediate,10651.88,0.021126,3,False,False,False,0.66,2.71,3.09,0.135,13658.83,980.35,0.6872,120.0,AI_PROJ_0008,2025-02-16,Deployment,0.78,H2O.ai + R,8,True
COMP_0009,Small,28,3660324.15,313136.09,0.0855,Retail/E-commerce,14,Other,Private,Growth,Computer Vision,Basic,47919.52,0.013092,3,False,False,False,0.58,0.2,0.22,0.01,7310.09,675.89,0.0833,120.0,AI_PROJ_0009,2024-07-22,Completed,1.0,Microsoft Power Platform,4,True
COMP_0010,Small,14,2388924.65,194758.72,0.0815,Technology,5,Europe,Private,Startup,Computer Vision,Basic,21507.81,0.009003,7,False,False,True,0.71,39.32,55.62,4.0,939414.01,108329.44,24.3573,2.4,AI_PROJ_0010,2023-05-18,Completed,1.0,Azure ML + .NET,7,False
COMP_0011,Small,49,12551296.23,1202498.86,0.0958,Technology,4,North America,Private,Growth,Predictive Analytics,Intermediate,112940.19,0.008998,3,False,False,True,0.74,6.8,8.07,1.238,853878.02,97035.45,4.2098,14.0,AI_PROJ_0011,2024-09-19,Completed,1.0,H2O.ai + R,11,True
COMP_0012,Small,49,3039914.62,30399.15,0.01,Retail/E-commerce,14,Europe,Public,Mature,Process Automation,Intermediate,157092.73,0.051677,8,False,False,True,0.75,9.64,13.67,1.3,292982.43,4155.27,0.9457,120.0,AI_PROJ_0012,2024-11-14,Deployment,0.72,PyTorch + Python,2,True
COMP_0013,Medium,76,12854332.56,1098916.05,0.0855,Energy/Utilities,4,North America,Private,Startup,Computer Vision,Intermediate,687477.69,0.053482,4,False,False,False,0.38,1.87,1.81,0.093,240029.21,19937.26,0.1891,120.0,AI_PROJ_0013,2024-11-20,Deployment,0.89,IBM Watson + Java,9,False
COMP_0014,Small,6,575348.64,107268.01,0.1864,Transportation/Logistics,35,North America,Private,Declining,Supply Chain Optimization,Intermediate,14326.04,0.0249,6,True,False,True,0.78,10.05,21.82,0.87,57804.36,23400.52,2.8342,7.3,AI_PROJ_0014,2023-08-24,Completed,1.0,Apache Spark + Scala,18,True
COMP_0015,Small,25,2367735.15,612368.44,0.2586,Technology,1,Asia-Pacific,Private,Startup,Process Automation,Intermediate,79053.98,0.033388,6,False,True,True,0.88,50.0,80.0,4.0,1183867.57,489894.75,10.5862,1.9,AI_PROJ_0015,2025-02-17,Deployment,0.8,Microsoft Power Platform,2,True
COMP_0016,Small,4,892646.1,96615.59,0.1082,Healthcare,12,North America,Private,Mature,Predictive Analytics,Intermediate,54978.1,0.06159,3,False,False,False,0.54,-4.15,-3.87,-0.207,-37008.67,-3742.32,-0.3706,120.0,AI_PROJ_0016,2023-10-20,Completed,1.0,Custom ML Pipeline,11,False
COMP_0017,Small,5,1640163.77,128140.79,0.0781,Technology,17,Europe,Private,Mature,Fraud Detection/Risk Management,Intermediate,32887.38,0.020051,7,False,False,False,0.84,-1.95,-2.32,-0.098,-32030.32,-2972.8,-0.5322,120.0,AI_PROJ_0017,2023-06-23,Completed,1.0,TensorFlow + Python,20,True
COMP_0018,Small,3,181480.47,50395.57,0.2777,Technology,17,Europe,Private,Mature,Natural Language Processing,Intermediate,2150.72,0.011851,3,False,True,True,0.81,14.13,21.6,2.708,25635.16,10883.75,8.4899,2.4,AI_PROJ_0018,2024-12-01,Deployment,0.9,Microsoft Power Platform,2,True
COMP_0019,Medium,64,19706094.6,1816642.06,0.0922,Manufacturing,23,Europe,Private,Declining,Predictive Analytics,Intermediate,560081.2,0.028422,4,True,False,False,0.57,1.74,1.92,0.087,342241.92,34943.95,0.3367,120.0,AI_PROJ_0019,2022-12-16,Completed,1.0,Google Cloud AI + Python,5,False
COMP_0020,Small,49,8799217.86,680669.45,0.0774,Technology,11,Europe,Private,Growth,Predictive Analytics,Intermediate,191706.17,0.021787,5,False,False,True,0.74,32.28,46.46,4.0,2840379.9,316207.2,8.2329,7.3,AI_PROJ_0020,2023-06-24,Completed,1.0,IBM Watson + Java,22,False
COMP_0021,Small,49,8359941.08,682927.03,0.0817,Transportation/Logistics,4,Asia-Pacific,Private,Startup,Customer Analytics/Personalization,Basic,23079.26,0.002761,3,False,False,True,0.71,-0.44,-0.54,-0.042,-37194.68,-3721.38,-0.8864,120.0,AI_PROJ_0021,2022-10-22,Completed,1.0,IBM Watson + Java,4,False
COMP_0022,Small,3,282891.92,27624.43,0.0977,Financial Services,13,Europe,Private,Growth,Process Automation,Intermediate,2478.61,0.008762,10,False,False,True,0.78,1.98,2.18,0.134,5612.33,601.34,1.2535,49.5,AI_PROJ_0022,2023-12-11,Completed,1.0,AWS SageMaker + Python,9,True
COMP_0023,Small,12,2200837.18,136085.45,0.0618,Healthcare,7,Other,Public,Mature,Process Automation,Intermediate,50630.58,0.023005,3,False,False,True,0.68,8.18,9.02,0.945,180130.52,12270.77,1.9001,49.5,AI_PROJ_0023,2024-10-10,Deployment,0.72,Apache Spark + Scala,11,True
COMP_0024,Small,4,466197.22,4661.97,0.01,Manufacturing,17,North America,Private,Growth,Process Automation,Intermediate,26246.97,0.0563,6,True,False,False,0.81,0.77,0.63,0.039,3602.64,29.51,0.0692,120.0,AI_PROJ_0024,2023-04-06,Completed,1.0,Google Cloud AI + Python,3,False
COMP_0025,Medium,56,27908596.19,1092770.67,0.0392,Retail/E-commerce,13,Europe,Private,Mature,Computer Vision,Basic,264554.74,0.009479,3,False,False,True,0.48,7.72,9.96,0.885,2155637.63,108806.77,4.2797,29.2,AI_PROJ_0025,2022-10-22,Completed,1.0,TensorFlow + Python,7,False
COMP_0026,Small,39,4782419.99,993126.15,0.2077,Technology,10,Asia-Pacific,Private,Growth,Customer Analytics/Personalization,Intermediate,117267.74,0.024521,6,False,False,False,0.81,-2.26,-2.01,-0.113,-108073.41,-19995.13,-0.5461,120.0,AI_PROJ_0026,2025-08-03,Planning,0.14,Apache Spark + Scala,19,False
COMP_0027,Small,8,981424.93,87552.43,0.0892,Professional Services,37,Asia-Pacific,Private,Mature,Natural Language Processing,Basic,31513.61,0.03211,3,True,False,True,0.64,16.43,28.01,1.004,161232.42,24526.35,2.9473,15.4,AI_PROJ_0027,2023-11-04,Completed,1.0,IBM Watson + Java,2,True
COMP_0028,Medium,178,40789689.82,407896.9,0.01,Education,20,Europe,Private,Growth,Process Automation,Intermediate,988839.73,0.024242,3,True,False,True,0.53,6.41,14.27,0.489,2616150.04,58203.91,1.3523,120.0,AI_PROJ_0028,2022-12-10,Completed,1.0,H2O.ai + R,6,True
COMP_0029,Medium,56,25354497.95,2693947.98,0.1063,Technology,1,Asia-Pacific,Private,Startup,Customer Analytics/Personalization,Advanced,3079792.05,0.121469,3,False,True,True,0.71,37.59,64.21,4.0,9531386.51,1729654.27,1.8282,21.4,AI_PROJ_0029,2023-05-16,Completed,1.0,IBM Watson + Java,10,True
COMP_0030,Medium,59,13296808.36,1454171.85,0.1094,Retail/E-commerce,4,Europe,Public,Growth,Customer Analytics/Personalization,Basic,22785.52,0.001714,3,False,False,True,0.58,-0.22,-0.24,-0.023,-29691.39,-3547.9,-0.7294,120.0,AI_PROJ_0030,2024-07-26,Completed,1.0,AWS SageMaker + Python,2,True
COMP_0031,Medium,50,24043893.97,3568325.97,0.1484,Financial Services,55,Asia-Pacific,Private,Mature,Process Automation,Basic,189796.16,0.007894,3,False,False,False,0.68,1.58,1.6,0.079,380054.86,57072.7,1.1516,39.9,AI_PROJ_0031,2025-07-15,Planning,0.17,Scikit-learn + Python,5,False
COMP_0032,Medium,226,38383094.27,9080795.7,0.2366,Energy/Utilities,2,Asia-Pacific,Public,Startup,Process Automation,Advanced,343999.51,0.008962,3,True,False,True,0.55,1.32,2.41,0.129,507839.99,218799.92,1.0562,18.9,AI_PROJ_0032,2023-06-11,Completed,1.0,DataRobot Platform,10,False
COMP_0033,Small,4,279174.82,40821.21,0.1462,Other,4,Europe,Private,Growth,Customer Analytics/Personalization,Basic,4307.14,0.015428,3,True,True,False,0.66,2.7,3.01,0.135,7528.76,1228.57,1.0166,42.1,AI_PROJ_0033,2025-08-14,Planning,0.16,DataRobot Platform,4,False
COMP_0034,Medium,55,28278577.34,2991225.71,0.1058,Retail/E-commerce,4,Europe,Private,Growth,Process Automation,Intermediate,2112826.85,0.074715,6,False,False,True,0.65,8.57,8.12,0.475,2424175.3,242964.53,0.6312,104.4,AI_PROJ_0034,2023-06-13,Completed,1.0,Apache Spark + Scala,11,False
COMP_0035,Small,22,3810774.25,254993.26,0.0669,Manufacturing,16,Europe,Private,Growth,Customer Analytics/Personalization,Intermediate,11765.23,0.003087,3,True,False,True,0.74,-0.18,-0.34,-0.009,-6753.93,-876.27,-0.3243,120.0,AI_PROJ_0035,2024-09-20,Completed,1.0,Google Cloud AI + Python,8,True
COMP_0036,Small,2,166715.5,12755.04,0.0765,Financial Services,1,Other,Private,Startup,Predictive Analytics,Intermediate,3312.08,0.019867,4,False,False,True,0.64,10.68,11.6,0.821,17797.05,1480.2,2.9101,26.9,AI_PROJ_0036,2024-12-10,Deployment,0.91,Google Cloud AI + Python,2,False
COMP_0037,Small,49,4389324.2,474825.01,0.1082,Manufacturing,10,Other,Public,Growth,Predictive Analytics,Basic,25575.41,0.005827,3,False,False,True,0.67,5.16,4.75,0.543,226632.37,22546.11,4.8714,13.6,AI_PROJ_0037,2023-02-24,Completed,1.0,Scikit-learn + Python,8,True
COMP_0038,Medium,50,20596782.58,572314.67,0.0278,Manufacturing,16,Europe,Private,Mature,Natural Language Processing,Intermediate,1092204.06,0.053028,7,True,False,False,0.64,-4.77,-5.39,-0.238,-981647.13,-30831.52,-0.4635,120.0,AI_PROJ_0038,2023-10-24,Completed,1.0,Apache Spark + Scala,14,True
COMP_0039,Medium,92,33768488.99,8518984.36,0.2523,Technology,59,Europe,Private,Mature,Customer Analytics/Personalization,Basic,661870.15,0.0196,3,False,False,True,0.71,9.05,12.66,1.575,3057633.4,1078413.16,3.1245,7.4,AI_PROJ_0039,2023-02-20,Completed,1.0,TensorFlow + Python,3,False
COMP_0040,Small,49,4353968.19,155034.11,0.0356,Manufacturing,25,North America,Private,Mature,Process Automation,Intermediate,196086.54,0.045036,3,False,False,True,0.81,36.83,52.41,4.0,1603671.83,81259.11,4.2964,29.0,AI_PROJ_0040,2022-12-11,Completed,1.0,Google Cloud AI + Python,10,False
COMP_0041,Medium,50,16974870.16,1214830.94,0.0716,Other,3,North America,Private,Startup,Customer Analytics/Personalization,Basic,500252.04,0.02947,3,False,False,True,0.56,32.23,41.23,2.879,5470778.64,500903.65,5.9687,12.0,AI_PROJ_0041,2024-03-17,Completed,1.0,IBM Watson + Java,21,False
COMP_0042,Medium,120,36756993.62,868279.38,0.0236,Technology,5,Europe,Private,Growth,Process Automation,Advanced,2974637.54,0.080927,4,True,False,True,0.78,38.76,77.63,4.0,14245189.86,674061.85,2.5077,53.0,AI_PROJ_0042,2025-05-26,Development,0.57,Custom ML Pipeline,5,True
COMP_0043,Small,4,219419.93,33574.06,0.153,Financial Services,7,North America,Private,Mature,Natural Language Processing,Basic,1785.17,0.008136,9,False,False,True,0.71,8.22,11.89,0.534,18028.62,3993.53,6.1681,5.4,AI_PROJ_0043,2025-01-30,Deployment,0.84,Custom ML Pipeline,9,False
COMP_0044,Medium,360,77521562.94,12855622.7,0.1658,Technology,2,Asia-Pacific,Private,Growth,Process Automation,Intermediate,2990963.63,0.038582,3,False,True,True,0.78,50.0,80.0,4.0,38760781.47,10284498.16,8.1989,3.5,AI_PROJ_0044,2023-04-17,Completed,1.0,Google Cloud AI + Python,12,True
COMP_0045,Small,15,2606041.69,503739.73,0.1933,Healthcare,31,Asia-Pacific,Private,Mature,Predictive Analytics,Intermediate,145956.21,0.056007,3,True,False,True,0.54,17.44,34.97,2.486,454482.99,176145.89,2.1603,9.9,AI_PROJ_0045,2025-08-12,Planning,0.15,IBM Watson + Java,5,False
COMP_0046,Small,19,3149274.06,450511.27,0.1431,Financial Services,22,North America,Public,Mature,Process Automation,Basic,12833.84,0.004075,3,False,False,True,0.78,0.62,0.9,0.076,19618.37,4047.21,0.922,38.1,AI_PROJ_0046,2023-12-15,Completed,1.0,Apache Spark + Scala,8,True
COMP_0047,Large,795,740848905.99,84397209.24,0.1139,Technology,2,North America,Private,Startup,Predictive Analytics,Advanced,42620888.9,0.05753,3,True,False,True,0.54,50.0,80.0,4.0,370424453.0,67517767.39,5.1376,7.6,AI_PROJ_0047,2023-08-11,Completed,1.0,Microsoft Power Platform,15,False
COMP_0048,Small,5,453598.23,115205.88,0.254,Transportation/Logistics,27,Asia-Pacific,Private,Mature,Predictive Analytics,Basic,10008.75,0.022065,4,False,True,False,0.64,3.0,2.45,0.15,13586.67,2827.17,0.82,42.5,AI_PROJ_0048,2023-10-08,Completed,1.0,IBM Watson + Java,2,False
COMP_0049,Medium,74,38263979.45,8690781.85,0.2271,Financial Services,21,Asia-Pacific,Private,Mature,Process Automation,Intermediate,1114021.12,0.029114,3,True,False,True,0.68,5.3,11.8,0.693,2027278.59,1025205.19,1.37,13.0,AI_PROJ_0049,2023-05-07,Completed,1.0,PyTorch + Python,9,False
COMP_0050,Small,1,122443.55,16158.63,0.132,Healthcare,20,Europe,Private,Mature,Customer Analytics/Personalization,Basic,1055.43,0.00862,5,False,False,True,0.61,2.52,3.55,0.155,3087.26,572.92,1.734,22.1,AI_PROJ_0050,2023-10-26,Completed,1.0,PyTorch + Python,9,True
COMP_0051,Small,10,896918.99,63184.86,0.0704,Retail/E-commerce,18,North America,Private,Growth,Supply Chain Optimization,Intermediate,46945.41,0.052341,6,True,False,True,0.75,34.08,63.85,4.0,305691.92,40344.04,3.6855,14.0,AI_PROJ_0051,2024-01-20,Completed,1.0,DataRobot Platform,5,False
COMP_0052,Small,43,6918922.33,388107.5,0.0561,Energy/Utilities,21,North America,Private,Mature,Process Automation,Basic,46586.21,0.006733,5,False,True,True,0.65,3.4,3.51,0.298,234958.29,13624.38,2.668,41.0,AI_PROJ_0052,2023-11-28,Completed,1.0,H2O.ai + R,4,False
COMP_0053,Large,1937,689553378.48,193262318.21,0.2803,Financial Services,33,North America,Private,Mature,Customer Analytics/Personalization,Intermediate,11905783.47,0.017266,5,True,False,False,0.51,2.95,3.14,0.148,20363303.49,6076721.52,1.1104,23.5,AI_PROJ_0053,2024-09-06,Completed,1.0,H2O.ai + R,15,False
COMP_0054,Small,13,994202.2,145608.17,0.1465,Professional Services,8,Asia-Pacific,Private,Growth,Other,Basic,4550.65,0.004577,3,True,False,False,0.45,-0.13,-0.13,-0.007,-1313.43,-192.89,-0.1655,120.0,AI_PROJ_0054,2023-08-19,Completed,1.0,AWS SageMaker + Python,2,True
COMP_0055,Small,31,3396624.97,608756.98,0.1792,Financial Services,10,Asia-Pacific,Private,Mature,Predictive Analytics,Intermediate,138502.25,0.040776,4,False,True,True,0.64,40.81,39.47,2.988,1386057.22,240272.35,5.8711,6.9,AI_PROJ_0055,2023-02-07,Completed,1.0,PyTorch + Python,9,False
COMP_0056,Medium,197,42075273.26,5079524.04,0.1207,Energy/Utilities,38,Europe,Private,Mature,Customer Analytics/Personalization,Basic,398100.67,0.009462,3,False,False,True,0.48,0.52,0.49,0.048,220888.68,25044.64,0.3089,120.0,AI_PROJ_0056,2025-07-14,Planning,0.17,Microsoft Power Platform,12,False
COMP_0057,Small,17,3902928.81,470779.32,0.1206,Technology,17,Other,Private,Growth,Process Automation,Basic,92985.46,0.023825,3,False,False,True,0.88,2.21,3.2,0.291,86293.24,15071.28,0.5451,74.0,AI_PROJ_0057,2024-05-28,Completed,1.0,Google Cloud AI + Python,2,False
COMP_0058,Small,9,977124.35,49259.34,0.0504,Healthcare,4,Asia-Pacific,Private,Startup,Customer Analytics/Personalization,Intermediate,36545.56,0.037401,5,False,False,False,0.61,0.51,0.49,0.025,4935.24,242.59,0.0708,120.0,AI_PROJ_0058,2025-07-28,Planning,0.11,PyTorch + Python,5,True
COMP_0059,Medium,206,60413755.74,7122293.5,0.1179,Energy/Utilities,8,North America,Public,Growth,Process Automation,Intermediate,290438.17,0.004807,11,True,False,False,0.55,2.54,2.83,0.127,1533617.16,201328.69,2.9868,17.3,AI_PROJ_0059,2024-02-10,Completed,1.0,Apache Spark + Scala,12,False
COMP_0060,Medium,81,43410181.31,4019834.24,0.0926,Technology,22,North America,Public,Mature,Process Automation,Intermediate,1739903.99,0.040081,3,True,False,False,0.78,-0.83,-0.87,-0.042,-361977.91,-35081.59,-0.1141,120.0,AI_PROJ_0060,2024-03-21,Completed,1.0,Custom ML Pipeline,4,True
COMP_0061,Small,9,843560.84,28056.13,0.0333,Manufacturing,4,Asia-Pacific,Private,Startup,Process Automation,Intermediate,19124.66,0.022671,3,False,False,True,0.81,5.68,7.0,0.614,47953.97,1963.98,1.3051,116.9,AI_PROJ_0061,2023-07-18,Completed,1.0,Google Cloud AI + Python,10,True
COMP_0062,Large,500,390156201.83,57283079.86,0.1468,Financial Services,20,Europe,Private,Growth,Process Automation,Intermediate,16439608.95,0.042136,6,True,False,False,0.58,-2.51,-2.76,-0.126,-9802942.06,-1578799.01,-0.3462,120.0,AI_PROJ_0062,2024-10-28,Deployment,0.85,Apache Spark + Scala,9,False
COMP_0063,Medium,80,14978695.89,1812844.21,0.121,Professional Services,3,Other,Private,Startup,Process Automation,Intermediate,490888.93,0.032772,3,False,False,True,0.61,40.21,47.28,2.889,6022301.63,857036.92,7.007,6.9,AI_PROJ_0063,2023-01-28,Completed,1.0,AWS SageMaker + Python,2,False
COMP_0064,Small,6,824876.84,75124.07,0.0911,Manufacturing,13,Europe,Private,Growth,Computer Vision,Basic,20912.6,0.025352,3,True,False,True,0.64,50.0,80.0,4.0,412438.42,60099.26,11.2979,4.2,AI_PROJ_0064,2023-07-25,Completed,1.0,Microsoft Power Platform,6,False
COMP_0065,Medium,50,16215214.99,771908.0,0.0476,Retail/E-commerce,17,Other,Private,Mature,Supply Chain Optimization,Intermediate,659703.98,0.040684,8,False,True,False,0.65,-3.2,-3.04,-0.16,-518184.66,-23453.13,-0.4105,120.0,AI_PROJ_0065,2025-07-08,Planning,0.14,Google Cloud AI + Python,11,True
COMP_0066,Small,11,2133933.29,520802.66,0.2441,Healthcare,2,Europe,Private,Growth,Predictive Analytics,Basic,34253.95,0.016052,7,False,True,True,0.54,6.82,7.15,0.399,145517.06,37241.53,2.6677,11.0,AI_PROJ_0066,2024-12-19,Deployment,0.84,Google Cloud AI + Python,5,True
COMP_0067,Medium,79,24141274.92,2496450.64,0.1034,Professional Services,32,North America,Private,Mature,Predictive Analytics,Intermediate,284339.09,0.011778,4,True,True,False,0.47,-1.66,-1.38,-0.083,-399798.95,-34543.76,-0.7638,120.0,AI_PROJ_0067,2024-01-06,Completed,1.0,H2O.ai + R,4,False
COMP_0068,Small,20,4449062.85,914053.06,0.2054,Technology,1,Europe,Private,Startup,Fraud Detection/Risk Management,Basic,81470.15,0.018312,3,False,True,True,0.84,10.53,13.94,1.151,468649.03,127448.65,3.6584,7.7,AI_PROJ_0068,2024-03-12,Completed,1.0,Custom ML Pipeline,11,False
COMP_0069,Small,17,3024141.28,309476.27,0.1023,Transportation/Logistics,9,Other,Private,Growth,Process Automation,Intermediate,39037.05,0.012908,3,False,False,True,0.78,12.99,14.65,1.546,392976.07,45343.98,5.6142,10.3,AI_PROJ_0069,2025-03-15,Deployment,0.77,DataRobot Platform,4,False
COMP_0070,Small,12,1528773.14,285849.97,0.187,Healthcare,14,North America,Public,Growth,Customer Analytics/Personalization,Basic,24990.21,0.016347,3,False,True,False,0.61,-2.42,-2.9,-0.121,-36933.79,-8278.98,-0.9046,120.0,AI_PROJ_0070,2024-12-22,Deployment,0.73,Google Cloud AI + Python,4,True
COMP_0071,Small,6,1319224.96,256846.87,0.1947,Financial Services,5,Asia-Pacific,Private,Growth,Other,Basic,40419.44,0.030639,3,True,False,True,0.52,21.91,55.57,3.043,289102.56,142721.76,5.3418,3.4,AI_PROJ_0071,2024-09-22,Completed,1.0,Custom ML Pipeline,18,False
COMP_0072,Medium,200,114207004.74,10254256.15,0.0898,Healthcare,2,Europe,Private,Startup,Process Automation,Intermediate,2470854.5,0.021635,6,True,True,True,0.58,48.05,80.0,4.0,54877755.01,8203404.92,12.765,3.6,AI_PROJ_0072,2024-05-23,Completed,1.0,TensorFlow + Python,4,False
COMP_0073,Small,17,811694.83,139821.91,0.1723,Transportation/Logistics,7,North America,Private,Growth,Process Automation,Intermediate,8669.19,0.01068,5,False,False,True,0.78,10.52,14.04,1.0,85416.13,19634.93,6.0589,5.3,AI_PROJ_0073,2023-07-01,Completed,1.0,AWS SageMaker + Python,9,True
COMP_0074,Small,10,1727541.4,228917.1,0.1325,Technology,26,North America,Private,Mature,Predictive Analytics,Basic,30153.88,0.017455,3,False,False,True,0.74,15.87,26.42,1.719,274087.01,60481.04,5.5477,6.0,AI_PROJ_0074,2022-11-17,Completed,1.0,IBM Watson + Java,16,False
COMP_0075,Medium,104,31875914.93,6058758.0,0.1901,Healthcare,8,Asia-Pacific,Private,Mature,Customer Analytics/Personalization,Intermediate,538210.81,0.016885,4,False,False,False,0.51,0.95,0.95,0.047,302423.17,57626.62,0.3345,112.1,AI_PROJ_0075,2025-01-24,Deployment,0.76,TensorFlow + Python,2,False
COMP_0076,Small,7,692900.84,49563.57,0.0715,Other,3,Europe,Private,Startup,Customer Analytics/Personalization,Intermediate,14947.34,0.021572,3,False,True,True,0.66,18.73,19.98,2.059,129755.92,9904.65,4.6718,18.1,AI_PROJ_0076,2024-07-25,Completed,1.0,Apache Spark + Scala,9,False
COMP_0077,Small,5,714216.71,10027.6,0.014,Healthcare,18,Europe,Private,Mature,Supply Chain Optimization,Basic,14277.28,0.01999,3,False,True,True,0.68,5.67,8.61,0.337,40529.02,863.46,1.4496,120.0,AI_PROJ_0077,2023-11-10,Completed,1.0,IBM Watson + Java,14,False
COMP_0078,Medium,171,47657384.28,4685635.27,0.0983,Manufacturing,1,North America,Private,Startup,Natural Language Processing,Intermediate,416600.62,0.008742,12,False,False,True,0.64,11.89,13.7,0.604,5667239.4,642045.06,7.5723,7.8,AI_PROJ_0078,2025-06-14,Development,0.39,Custom ML Pipeline,3,False
COMP_0079,Medium,68,33925699.6,7836675.61,0.231,Energy/Utilities,8,North America,Private,Growth,Predictive Analytics,Intermediate,1249607.87,0.036834,3,True,False,False,0.41,-1.72,-1.59,-0.086,-584529.23,-124827.45,-0.2838,120.0,AI_PROJ_0079,2024-01-28,Completed,1.0,Google Cloud AI + Python,11,False
COMP_0080,Small,9,1142949.03,128982.95,0.1129,Other,2,Europe,Private,Startup,Process Automation,Intermediate,42719.53,0.037377,3,False,True,False,0.73,-0.18,-0.2,-0.009,-2016.81,-257.34,-0.0266,120.0,AI_PROJ_0080,2024-08-22,Completed,1.0,Apache Spark + Scala,22,True
COMP_0081,Small,8,1583327.94,141979.88,0.0897,Other,9,Europe,Private,Growth,Computer Vision,Intermediate,36564.67,0.023094,3,True,False,False,0.56,-3.34,-3.72,-0.167,-52907.35,-5280.19,-0.7957,120.0,AI_PROJ_0081,2025-05-14,Development,0.4,DataRobot Platform,3,False
COMP_0082,Medium,67,45607351.91,4671630.99,0.1024,Technology,35,North America,Private,Mature,Process Automation,Basic,268437.02,0.005886,3,False,False,True,0.78,6.33,8.86,0.904,2887020.27,413762.5,6.1482,7.8,AI_PROJ_0082,2024-07-15,Completed,1.0,Apache Spark + Scala,6,False
COMP_0083,Small,49,9308591.36,1223281.78,0.1314,Professional Services,8,Europe,Private,Mature,Process Automation,Intermediate,130983.92,0.014071,6,False,False,False,0.71,0.16,0.18,0.008,14499.27,2149.15,0.0636,120.0,AI_PROJ_0083,2023-09-30,Completed,1.0,IBM Watson + Java,22,False
COMP_0084,Small,21,1067562.26,162985.57,0.1527,Other,1,North America,Private,Startup,Computer Vision,Intermediate,24210.54,0.022678,3,False,False,False,0.56,-4.95,-4.16,-0.248,-52858.1,-6781.74,-1.2317,120.0,AI_PROJ_0084,2024-09-02,Completed,1.0,PyTorch + Python,5,True
COMP_0085,Medium,154,58717882.07,1326549.3,0.0226,Technology,18,Europe,Private,Mature,Process Automation,Basic,589278.32,0.010036,3,True,False,True,0.78,10.65,32.71,1.463,6252380.16,433977.41,5.6733,16.3,AI_PROJ_0085,2023-11-05,Completed,1.0,PyTorch + Python,9,False
COMP_0086,Small,4,460139.57,89495.95,0.1945,Financial Services,1,Asia-Pacific,Private,Startup,Process Automation,Basic,11498.47,0.024989,5,False,False,True,0.78,6.56,9.7,0.787,30176.74,8680.92,1.6897,15.9,AI_PROJ_0086,2023-02-27,Completed,1.0,Azure ML + .NET,20,False
COMP_0087,Small,3,326494.74,19926.62,0.061,Government,1,Europe,Public,Growth,Process Automation,Intermediate,17930.78,0.054919,3,False,False,False,0.58,-1.92,-2.2,-0.096,-6265.56,-438.36,-0.1869,120.0,AI_PROJ_0087,2025-01-11,Deployment,0.79,Microsoft Power Platform,4,False
COMP_0088,Small,3,447728.63,84157.71,0.188,Energy/Utilities,16,Europe,Public,Growth,Process Automation,Intermediate,13487.69,0.030125,8,True,False,True,0.65,12.94,20.58,1.052,57930.91,17317.69,2.7895,9.3,AI_PROJ_0088,2025-07-04,Planning,0.19,Google Cloud AI + Python,9,True
COMP_0089,Small,10,1564172.43,301955.57,0.193,Technology,7,Europe,Private,Growth,Customer Analytics/Personalization,Basic,35705.66,0.022827,3,True,False,True,0.81,5.88,11.76,0.671,91900.4,35519.35,1.7843,12.1,AI_PROJ_0089,2025-07-24,Planning,0.2,H2O.ai + R,19,True
COMP_0090,Small,6,1541161.0,15411.61,0.01,Retail/E-commerce,1,Asia-Pacific,Private,Growth,Process Automation,Basic,29071.34,0.018863,3,False,False,False,0.75,2.7,2.24,0.135,41644.43,345.75,0.7222,120.0,AI_PROJ_0090,2025-01-05,Deployment,0.75,Custom ML Pipeline,5,False
COMP_0091,Medium,108,24316524.52,4829273.36,0.1986,Energy/Utilities,59,Europe,Public,Mature,Fraud Detection/Risk Management,Intermediate,1088151.29,0.044749,15,False,False,True,0.66,8.44,11.03,0.577,2053308.17,532656.52,1.1882,24.5,AI_PROJ_0091,2024-11-22,Deployment,0.94,Scikit-learn + Python,9,False
COMP_0092,Medium,50,10478926.87,311000.18,0.0297,Manufacturing,12,Asia-Pacific,Private,Mature,Other,Basic,178280.01,0.017013,3,False,False,True,0.45,7.45,7.6,0.468,780811.27,23622.72,2.2561,90.6,AI_PROJ_0092,2025-03-25,Deployment,0.7,Microsoft Power Platform,9,False
COMP_0093,Small,11,2053626.67,460034.51,0.224,Other,28,Asia-Pacific,Private,Mature,Supply Chain Optimization,Basic,35507.01,0.01729,5,False,True,False,0.73,1.47,1.32,0.073,30110.35,6080.85,0.5096,70.1,AI_PROJ_0093,2023-03-21,Completed,1.0,Azure ML + .NET,5,False
COMP_0094,Small,2,307392.97,81019.02,0.2636,Financial Services,74,North America,Private,Mature,Fraud Detection/Risk Management,Intermediate,5704.05,0.018556,8,False,False,True,0.74,2.43,2.37,0.146,7459.02,1920.65,0.8222,35.6,AI_PROJ_0094,2024-09-06,Completed,1.0,DataRobot Platform,8,True
COMP_0095,Small,12,1645538.99,361060.85,0.2194,Professional Services,5,Asia-Pacific,Private,Startup,Computer Vision,Intermediate,35126.25,0.021346,3,False,False,True,0.54,6.19,5.53,0.689,101787.47,19974.31,1.7332,21.1,AI_PROJ_0095,2025-02-18,Deployment,0.88,DataRobot Platform,17,False
COMP_0096,Small,42,2404205.23,179143.33,0.0745,Healthcare,40,North America,Private,Mature,Customer Analytics/Personalization,Intermediate,89077.99,0.037051,3,True,False,False,0.61,1.07,1.12,0.054,25786.34,2005.66,0.156,120.0,AI_PROJ_0096,2023-09-24,Completed,1.0,Google Cloud AI + Python,2,True
COMP_0097,Small,49,8275582.13,1007306.87,0.1217,Technology,7,North America,Private,Growth,Customer Analytics/Personalization,Intermediate,188650.74,0.022796,3,False,True,True,0.81,27.11,35.29,4.0,2243251.99,355463.04,6.8876,6.4,AI_PROJ_0097,2023-03-15,Completed,1.0,DataRobot Platform,5,False
COMP_0098,Medium,194,108645096.86,8791439.25,0.0809,Healthcare,19,Asia-Pacific,Private,Mature,Process Automation,Basic,2574181.71,0.023693,7,True,False,False,0.58,-4.8,-5.45,-0.24,-5213283.57,-479055.88,-1.1057,120.0,AI_PROJ_0098,2024-04-25,Completed,1.0,Custom ML Pipeline,8,False
COMP_0099,Small,49,12038290.23,2478759.48,0.2059,Technology,11,Other,Private,Growth,Process Automation,Intermediate,312596.31,0.025967,5,False,False,True,0.88,17.71,29.05,2.734,2132355.69,720026.0,4.5624,5.2,AI_PROJ_0099,2022-11-15,Completed,1.0,Azure ML + .NET,4,True
COMP_0100,Medium,166,72750530.9,7250239.96,0.0997,Technology,5,North America,Private,Startup,Process Automation,Advanced,1274155.19,0.017514,3,False,False,True,0.78,2.56,3.8,0.46,1859742.55,275357.58,0.8378,55.5,AI_PROJ_0100,2023-07-28,Completed,1.0,AWS SageMaker + Python,8,True
COMP_0101,Large,1846,501560196.11,13221297.46,0.0264,Education,56,North America,Public,Declining,Predictive Analytics,Advanced,33563436.66,0.066918,7,True,False,True,0.29,9.95,21.53,0.43,49930114.58,2846864.55,0.7862,120.0,AI_PROJ_0101,2024-02-20,Completed,1.0,Scikit-learn + Python,19,False
COMP_0102,Small,18,2846991.81,360649.2,0.1267,Manufacturing,7,Europe,Private,Mature,Process Automation,Intermediate,54984.09,0.019313,3,False,False,True,0.81,1.56,2.28,0.143,44404.9,8228.51,0.4786,80.2,AI_PROJ_0102,2025-06-04,Development,0.68,AWS SageMaker + Python,2,False
COMP_0103,Small,49,9311934.01,671498.87,0.0721,Retail/E-commerce,1,North America,Private,Growth,Process Automation,Basic,98537.25,0.010582,5,True,False,True,0.75,3.1,5.33,0.167,288654.27,35780.39,1.6463,33.0,AI_PROJ_0103,2025-06-26,Development,0.44,Custom ML Pipeline,4,False
COMP_0104,Small,4,788898.1,172919.7,0.2192,Other,25,Asia-Pacific,Private,Mature,Natural Language Processing,Intermediate,26257.12,0.033283,3,False,False,False,0.66,0.04,0.04,0.002,331.16,65.28,0.0075,120.0,AI_PROJ_0104,2023-08-15,Completed,1.0,Custom ML Pipeline,15,False
COMP_0105,Medium,287,47520680.21,3405946.68,0.0717,Government,5,North America,Private,Startup,Customer Analytics/Personalization,Intermediate,1181771.55,0.024869,4,True,True,True,0.41,17.51,34.54,1.494,8319812.55,1176245.29,4.0177,12.1,AI_PROJ_0105,2023-06-15,Completed,1.0,AWS SageMaker + Python,2,True
COMP_0106,Large,1540,1050232356.89,171291900.8,0.1631,Healthcare,20,North America,Public,Mature,Natural Language Processing,Intermediate,31471410.51,0.029966,3,False,False,False,0.41,-2.24,-2.21,-0.112,-23543569.57,-3781326.45,-0.4341,120.0,AI_PROJ_0106,2024-07-08,Completed,1.0,IBM Watson + Java,10,False
COMP_0107,Small,15,1429213.32,198016.08,0.1385,Retail/E-commerce,3,North America,Private,Startup,Customer Analytics/Personalization,Intermediate,23363.23,0.016347,3,True,True,True,0.68,6.98,16.7,0.748,99758.13,33061.74,2.8425,8.5,AI_PROJ_0107,2025-04-11,Development,0.44,TensorFlow + Python,10,False
COMP_0108,Medium,51,22390513.48,1700918.42,0.076,Technology,30,Europe,Private,Mature,Process Automation,Intermediate,656360.79,0.029314,3,False,True,False,0.78,-0.51,-0.54,-0.026,-115215.68,-9202.1,-0.0948,120.0,AI_PROJ_0108,2024-07-06,Completed,1.0,Custom ML Pipeline,5,False
COMP_0109,Medium,50,23439565.17,3343688.32,0.1427,Retail/E-commerce,31,North America,Private,Mature,Computer Vision,Advanced,610919.17,0.026064,4,True,True,True,0.48,50.0,80.0,4.0,11719782.59,2674950.66,11.7812,2.7,AI_PROJ_0109,2023-10-11,Completed,1.0,PyTorch + Python,5,False
COMP_0110,Large,518,568753774.95,45040762.22,0.0792,Technology,8,North America,Public,Mature,Customer Analytics/Personalization,Intermediate,34199842.92,0.060131,3,False,False,True,0.61,35.47,52.9,4.0,201737624.59,23827682.01,3.2978,17.2,AI_PROJ_0110,2023-06-11,Completed,1.0,Custom ML Pipeline,24,True
COMP_0111,Small,6,724574.84,22957.84,0.0317,Professional Services,6,North America,Private,Growth,Natural Language Processing,Intermediate,22198.36,0.030636,4,False,False,True,0.64,44.17,50.47,4.0,320032.14,11587.62,7.4695,23.0,AI_PROJ_0111,2024-07-26,Completed,1.0,Azure ML + .NET,3,False
COMP_0112,Large,2592,1977719525.15,217108981.76,0.1098,Healthcare,15,Europe,Private,Growth,Process Automation,Intermediate,130966241.39,0.066221,8,False,False,True,0.48,6.67,8.66,0.963,131930455.64,18798301.13,0.5754,83.6,AI_PROJ_0112,2023-05-21,Completed,1.0,DataRobot Platform,9,False
COMP_0113,Small,8,1499641.32,229218.27,0.1528,Transportation/Logistics,34,Other,Private,Mature,Process Automation,Basic,25807.49,0.017209,4,False,True,True,0.78,26.92,34.91,2.013,403740.01,80028.02,9.3726,3.9,AI_PROJ_0113,2024-04-12,Completed,1.0,Azure ML + .NET,13,True
COMP_0114,Large,603,278843994.73,2788439.95,0.01,Professional Services,10,North America,Public,Growth,Process Automation,Basic,4769203.04,0.017103,5,True,False,False,0.51,-1.46,-1.45,-0.073,-4058644.34,-40491.43,-0.4298,120.0,AI_PROJ_0114,2025-03-09,Deployment,0.88,IBM Watson + Java,3,True
COMP_0115,Small,49,8110702.78,1141076.79,0.1407,Retail/E-commerce,42,North America,Private,Mature,Process Automation,Intermediate,284718.95,0.035104,8,False,False,True,0.75,33.06,42.05,4.0,2681398.85,479773.21,5.5514,7.1,AI_PROJ_0115,2024-03-12,Completed,1.0,Scikit-learn + Python,6,False
COMP_0116,Large,4150,3669498843.58,858554362.5,0.234,Transportation/Logistics,15,North America,Public,Growth,Process Automation,Intermediate,149356832.54,0.040702,6,False,False,True,0.58,26.08,26.85,1.681,957035506.56,230478950.15,3.9754,7.8,AI_PROJ_0116,2024-05-18,Completed,1.0,H2O.ai + R,15,False
COMP_0117,Medium,105,38897366.36,10298363.62,0.2648,Technology,7,Europe,Public,Growth,Customer Analytics/Personalization,Intermediate,343078.82,0.00882,3,False,False,True,0.71,12.04,16.11,0.903,4685111.46,1658911.14,9.2457,2.5,AI_PROJ_0117,2023-11-15,Completed,1.0,H2O.ai + R,5,False
COMP_0118,Medium,50,17592825.19,2594675.47,0.1475,Technology,2,North America,Public,Startup,Process Automation,Basic,142948.14,0.008125,3,True,False,True,0.78,1.46,4.4,0.117,256827.5,114248.15,1.2979,15.0,AI_PROJ_0118,2025-02-23,Deployment,0.79,Scikit-learn + Python,8,True
COMP_0119,Small,7,921406.46,9214.06,0.01,Other,1,North America,Private,Growth,Predictive Analytics,Intermediate,20817.57,0.022593,8,False,False,False,0.59,-0.9,-1.03,-0.045,-8263.39,-94.85,-0.2007,120.0,AI_PROJ_0119,2024-10-20,Deployment,0.76,H2O.ai + R,15,False
COMP_0120,Medium,95,40667307.68,7337623.3,0.1804,Technology,4,North America,Private,Growth,Supply Chain Optimization,Intermediate,457928.37,0.01126,3,False,False,True,0.78,3.1,4.15,0.614,1262628.82,304422.81,1.711,18.1,AI_PROJ_0120,2024-08-08,Completed,1.0,Scikit-learn + Python,5,True
COMP_0121,Medium,155,75620332.39,13463375.01,0.178,Media/Entertainment,2,Europe,Private,Startup,Process Automation,Intermediate,1939443.82,0.025647,3,True,False,True,0.63,16.55,34.39,1.154,12514776.97,4630294.82,4.4201,5.0,AI_PROJ_0121,2023-12-29,Completed,1.0,Google Cloud AI + Python,11,True
COMP_0122,Small,49,9178989.92,1395007.14,0.152,Manufacturing,10,North America,Private,Growth,Process Automation,Intermediate,185989.95,0.020263,3,False,False,True,0.81,3.29,4.45,0.181,301859.5,62144.47,0.9786,35.9,AI_PROJ_0122,2024-11-26,Deployment,0.75,Custom ML Pipeline,15,False
COMP_0123,Small,49,4101330.72,781026.01,0.1904,Technology,11,Asia-Pacific,Private,Growth,Process Automation,Intermediate,285912.07,0.069712,5,False,False,False,0.88,2.92,2.7,0.146,119794.57,21096.14,0.2464,120.0,AI_PROJ_0123,2023-06-22,Completed,1.0,TensorFlow + Python,3,True
COMP_0124,Medium,292,50643226.39,2193962.65,0.0433,Government,39,North America,Private,Mature,Supply Chain Optimization,Advanced,4176948.5,0.082478,9,False,False,False,0.48,-1.78,-2.05,-0.089,-901829.22,-45079.16,-0.1133,120.0,AI_PROJ_0124,2023-04-27,Completed,1.0,Microsoft Power Platform,10,True
COMP_0125,Small,49,8689434.37,1264111.28,0.1455,Technology,42,Europe,Public,Mature,Process Automation,Basic,83697.3,0.009632,4,True,True,True,0.88,50.0,80.0,4.0,4344717.18,1011289.02,31.9963,1.0,AI_PROJ_0125,2022-11-21,Completed,1.0,DataRobot Platform,18,False
COMP_0126,Small,15,1520350.75,160245.75,0.1054,Manufacturing,59,North America,Private,Mature,Process Automation,Intermediate,101076.3,0.066482,5,False,False,True,0.81,14.92,15.65,1.463,226877.3,25080.04,1.2464,48.4,AI_PROJ_0126,2023-07-27,Completed,1.0,Custom ML Pipeline,3,False
COMP_0127,Medium,407,295191136.59,33873856.7,0.1148,Technology,2,North America,Private,Startup,Fraud Detection/Risk Management,Intermediate,15631437.42,0.052954,3,True,True,True,0.74,50.0,80.0,4.0,147595568.29,27099085.36,5.5879,6.9,AI_PROJ_0127,2022-12-14,Completed,1.0,AWS SageMaker + Python,9,True
COMP_0128,Medium,50,18827687.25,2496328.7,0.1326,Other,1,North America,Private,Startup,Process Automation,Advanced,1610229.09,0.085525,12,True,False,True,0.63,50.0,80.0,3.062,9413843.62,1997062.96,3.5433,9.7,AI_PROJ_0128,2023-06-10,Completed,1.0,Apache Spark + Scala,23,False
COMP_0129,Small,4,381239.92,51760.37,0.1358,Healthcare,12,North America,Private,Mature,Predictive Analytics,Intermediate,12176.25,0.031939,16,True,False,True,0.69,23.72,51.01,3.491,90436.46,26403.42,4.7979,5.5,AI_PROJ_0129,2024-11-11,Deployment,0.81,DataRobot Platform,3,False
COMP_0130,Small,49,3948272.17,673014.63,0.1705,Manufacturing,4,North America,Public,Growth,Process Automation,Basic,42175.27,0.010682,3,False,False,True,0.81,1.68,1.84,0.154,66143.04,12355.58,0.9306,41.0,AI_PROJ_0130,2025-07-27,Planning,0.21,PyTorch + Python,8,False
COMP_0131,Small,24,4916646.08,390656.98,0.0795,Media/Entertainment,6,Asia-Pacific,Private,Growth,Process Automation,Basic,33339.58,0.006781,3,False,False,True,0.73,3.25,3.04,0.405,159956.73,11869.53,2.5769,33.7,AI_PROJ_0131,2022-12-01,Completed,1.0,Scikit-learn + Python,9,True
COMP_0132,Small,42,5828071.34,302398.52,0.0519,Manufacturing,10,North America,Private,Growth,Process Automation,Intermediate,144730.95,0.024833,6,False,False,True,0.81,7.04,7.34,0.439,410393.36,22205.55,1.4945,78.2,AI_PROJ_0132,2025-03-14,Deployment,0.89,AWS SageMaker + Python,2,True
COMP_0133,Small,49,7012851.47,1346574.3,0.192,Financial Services,1,North America,Private,Startup,Process Automation,Basic,58542.29,0.008348,4,False,False,False,0.78,0.9,0.85,0.045,63368.66,11488.66,0.6393,61.1,AI_PROJ_0133,2022-12-11,Completed,1.0,Microsoft Power Platform,5,True
COMP_0134,Small,8,516071.68,5160.72,0.01,Healthcare,6,Asia-Pacific,Private,Mature,Predictive Analytics,Basic,4748.36,0.009201,4,True,False,True,0.54,5.64,12.84,0.408,29113.79,662.39,3.1354,86.0,AI_PROJ_0134,2024-02-14,Completed,1.0,Microsoft Power Platform,17,False
COMP_0135,Medium,50,8624563.48,1447693.95,0.1679,Healthcare,1,Other,Private,Startup,Process Automation,Intermediate,73231.01,0.008491,10,True,False,True,0.58,1.45,2.71,0.079,124900.39,39243.92,1.1207,22.4,AI_PROJ_0135,2024-03-22,Completed,1.0,IBM Watson + Java,3,False
COMP_0136,Small,49,9670571.49,1421383.31,0.147,Media/Entertainment,10,Europe,Private,Growth,Process Automation,Intermediate,155583.31,0.016088,3,False,False,False,0.73,-0.16,-0.14,-0.008,-15100.6,-2048.93,-0.0551,120.0,AI_PROJ_0136,2023-01-28,Completed,1.0,AWS SageMaker + Python,7,False
COMP_0137,Small,26,3352346.92,39352.37,0.0117,Retail/E-commerce,19,North America,Private,Growth,Process Automation,Basic,36663.69,0.010937,3,False,False,False,0.75,-0.47,-0.48,-0.024,-15891.48,-187.63,-0.2193,120.0,AI_PROJ_0137,2024-10-04,Deployment,0.9,Scikit-learn + Python,9,False
COMP_0138,Small,8,539146.46,71742.41,0.1331,Financial Services,65,North America,Private,Declining,Other,Intermediate,15532.4,0.028809,3,False,True,False,0.52,0.55,0.59,0.027,2951.16,424.21,0.1087,120.0,AI_PROJ_0138,2024-12-26,Deployment,0.82,Scikit-learn + Python,4,False
COMP_0139,Small,49,3143931.06,153948.36,0.049,Energy/Utilities,49,North America,Private,Mature,Customer Analytics/Personalization,Intermediate,148613.59,0.04727,4,False,False,False,0.58,2.18,2.45,0.109,68647.18,3778.15,0.2437,120.0,AI_PROJ_0139,2025-07-05,Planning,0.2,DataRobot Platform,10,False
COMP_0140,Small,24,2900902.27,71900.86,0.0248,Manufacturing,1,North America,Private,Growth,Natural Language Processing,Intermediate,67796.91,0.023371,4,False,True,True,0.74,4.62,5.6,0.269,133938.29,4022.85,1.0175,120.0,AI_PROJ_0140,2023-06-20,Completed,1.0,Microsoft Power Platform,24,True
COMP_0141,Small,17,3539406.35,522307.22,0.1476,Technology,9,North America,Private,Growth,Natural Language Processing,Basic,27594.61,0.007796,3,False,True,True,0.81,25.37,42.99,2.612,897963.77,224561.69,20.3396,1.5,AI_PROJ_0141,2025-06-16,Development,0.52,IBM Watson + Java,2,False
COMP_0142,Small,15,3294702.73,860769.42,0.2613,Technology,7,North America,Private,Growth,Customer Analytics/Personalization,Basic,73296.03,0.022247,3,False,False,True,0.81,4.01,7.52,0.361,132142.44,64760.87,1.3432,13.6,AI_PROJ_0142,2024-06-10,Completed,1.0,Custom ML Pipeline,10,True
COMP_0143,Small,49,7323943.91,1101698.88,0.1504,Healthcare,1,Asia-Pacific,Private,Growth,Predictive Analytics,Intermediate,186905.19,0.02552,4,True,False,True,0.54,29.29,75.02,4.0,2144832.51,826500.77,7.9488,2.7,AI_PROJ_0143,2024-08-27,Completed,1.0,Apache Spark + Scala,18,False
COMP_0144,Small,47,8602578.54,399505.5,0.0464,Manufacturing,23,Europe,Private,Declining,Customer Analytics/Personalization,Basic,29075.9,0.00338,6,True,False,True,0.74,0.06,0.1,0.003,4970.81,394.21,0.0923,120.0,AI_PROJ_0144,2024-09-12,Completed,1.0,Azure ML + .NET,3,False
COMP_0145,Medium,140,58395506.84,11322195.16,0.1939,Other,3,Europe,Private,Startup,Other,Advanced,5871502.23,0.100547,4,False,False,True,0.37,7.26,7.54,0.835,4239236.27,853557.77,0.4337,82.5,AI_PROJ_0145,2023-02-01,Completed,1.0,AWS SageMaker + Python,4,True
COMP_0146,Medium,499,102138086.72,11120232.97,0.1089,Professional Services,1,North America,Private,Startup,Natural Language Processing,Basic,1136807.62,0.01113,3,False,False,True,0.54,5.65,6.64,0.336,5771836.36,738213.81,2.8633,18.5,AI_PROJ_0146,2023-06-05,Completed,1.0,PyTorch + Python,22,False
COMP_0147,Small,4,855587.06,24082.4,0.0281,Media/Entertainment,31,Asia-Pacific,Private,Mature,Customer Analytics/Personalization,Basic,18885.89,0.022074,3,False,True,True,0.66,16.46,17.91,1.545,140809.46,4313.27,3.8421,52.5,AI_PROJ_0147,2022-11-10,Completed,1.0,Scikit-learn + Python,3,True
COMP_0148,Medium,50,38882903.21,4949996.72,0.1273,Technology,35,Other,Private,Mature,Predictive Analytics,Basic,362833.04,0.009331,8,True,False,True,0.64,2.83,6.88,0.522,1101771.25,340426.38,1.9874,12.8,AI_PROJ_0148,2024-09-20,Completed,1.0,Apache Spark + Scala,9,True
COMP_0149,Medium,50,10506240.69,985651.63,0.0938,Healthcare,5,Asia-Pacific,Private,Startup,Process Automation,Intermediate,84215.74,0.008016,3,False,False,True,0.58,5.68,6.77,0.674,596269.55,66700.06,3.9361,15.2,AI_PROJ_0149,2025-03-26,Deployment,0.71,Microsoft Power Platform,18,False
COMP_0150,Small,49,4171993.09,455044.38,0.1091,Manufacturing,5,North America,Private,Growth,Customer Analytics/Personalization,Intermediate,108986.07,0.026123,7,False,True,True,0.74,50.0,80.0,4.0,2085996.54,364035.5,11.2401,3.6,AI_PROJ_0150,2023-12-14,Completed,1.0,IBM Watson + Java,3,False
COMP_0151,Small,49,10035125.14,100351.25,0.01,Retail/E-commerce,86,Europe,Private,Declining,Process Automation,Intermediate,176522.33,0.01759,10,False,False,True,0.75,5.42,6.02,0.37,544274.89,6041.35,1.5588,120.0,AI_PROJ_0151,2025-02-28,Deployment,0.92,IBM Watson + Java,10,False
COMP_0152,Small,19,2399577.93,149966.74,0.0625,Professional Services,10,North America,Private,Mature,Natural Language Processing,Intermediate,144992.72,0.060424,8,False,False,False,0.64,-1.99,-1.86,-0.099,-47669.74,-2787.65,-0.174,120.0,AI_PROJ_0152,2025-05-07,Development,0.37,Azure ML + .NET,15,True
COMP_0153,Small,49,8877454.56,498020.74,0.0561,Education,4,Asia-Pacific,Private,Growth,Process Automation,Intermediate,83063.81,0.009357,3,True,False,False,0.63,-2.68,-2.99,-0.134,-238312.86,-14883.78,-1.5241,120.0,AI_PROJ_0153,2023-03-05,Completed,1.0,TensorFlow + Python,2,False
COMP_0154,Medium,140,35956786.63,4336645.67,0.1206,Technology,9,Asia-Pacific,Private,Growth,Computer Vision,Basic,560114.58,0.015577,3,True,False,False,0.61,0.58,0.54,0.029,207180.61,23617.98,0.206,120.0,AI_PROJ_0154,2023-03-18,Completed,1.0,DataRobot Platform,7,True
COMP_0155,Small,13,1218151.74,111141.4,0.0912,Retail/E-commerce,42,North America,Private,Mature,Process Automation,Intermediate,21663.81,0.017784,5,False,True,False,0.75,0.31,0.32,0.015,3717.43,352.11,0.0939,120.0,AI_PROJ_0155,2024-09-20,Completed,1.0,Google Cloud AI + Python,10,False
COMP_0156,Medium,82,17011519.61,2237305.79,0.1315,Retail/E-commerce,1,Asia-Pacific,Private,Growth,Process Automation,Basic,196886.31,0.011574,3,False,False,False,0.65,2.01,2.19,0.1,341853.26,48966.07,0.9925,48.3,AI_PROJ_0156,2023-03-15,Completed,1.0,TensorFlow + Python,2,True
COMP_0157,Small,35,4677918.66,1170543.47,0.2502,Financial Services,19,North America,Private,Mature,Process Automation,Basic,42523.6,0.00909,10,False,False,True,0.78,6.9,10.73,1.049,322740.56,125598.01,5.2716,4.1,AI_PROJ_0157,2024-08-28,Completed,1.0,Google Cloud AI + Python,5,True
COMP_0158,Small,1,105690.1,6897.31,0.0653,Healthcare,6,Asia-Pacific,Private,Growth,Process Automation,Intermediate,3487.21,0.032995,8,False,False,True,0.68,10.47,12.94,0.723,11063.25,892.37,1.7142,46.9,AI_PROJ_0158,2024-02-04,Completed,1.0,Microsoft Power Platform,9,False
COMP_0159,Small,3,311952.5,71714.96,0.2299,Energy/Utilities,46,North America,Public,Mature,Fraud Detection/Risk Management,Intermediate,6187.35,0.019834,3,True,False,True,0.61,6.7,14.99,0.664,20891.07,10746.61,2.5566,6.9,AI_PROJ_0159,2025-04-19,Development,0.32,Google Cloud AI + Python,3,True
COMP_0160,Small,1,56002.77,5161.35,0.0922,Healthcare,46,Other,Private,Mature,Fraud Detection/Risk Management,Basic,854.72,0.015262,4,False,False,True,0.64,9.43,14.66,0.558,5279.85,756.54,3.5312,13.6,AI_PROJ_0160,2022-11-05,Completed,1.0,AWS SageMaker + Python,11,False
COMP_0161,Medium,179,67885364.86,11574932.08,0.1705,Energy/Utilities,4,North America,Public,Startup,Predictive Analytics,Intermediate,1763901.66,0.025984,9,False,False,True,0.41,14.55,17.49,1.575,9874292.29,2024471.74,3.3729,10.5,AI_PROJ_0161,2024-03-07,Completed,1.0,Google Cloud AI + Python,23,True
COMP_0162,Small,10,927502.98,111533.5,0.1203,Technology,1,Asia-Pacific,Private,Startup,Fraud Detection/Risk Management,Basic,14724.82,0.015876,5,True,False,True,0.84,27.73,66.74,4.0,257169.96,74434.02,11.26,2.4,AI_PROJ_0162,2024-02-14,Completed,1.0,Apache Spark + Scala,5,True
COMP_0163,Small,5,507356.08,40430.33,0.0797,Healthcare,37,North America,Private,Declining,Customer Analytics/Personalization,Intermediate,18149.14,0.035772,13,False,False,False,0.76,1.76,1.69,0.088,8931.08,681.83,0.2648,120.0,AI_PROJ_0163,2024-02-12,Completed,1.0,IBM Watson + Java,5,True
COMP_0164,Small,3,389814.42,87335.86,0.224,Manufacturing,3,North America,Private,Startup,Process Automation,Basic,8810.76,0.022602,10,False,False,True,0.81,8.13,7.71,0.374,31710.48,6735.41,2.1818,15.7,AI_PROJ_0164,2025-05-31,Development,0.36,H2O.ai + R,24,False
COMP_0165,Small,21,3715270.93,136582.41,0.0368,Manufacturing,55,Europe,Private,Mature,Process Automation,Intermediate,142793.92,0.038434,6,False,False,True,0.81,15.39,17.97,0.901,571847.89,24548.04,2.0883,69.8,AI_PROJ_0165,2024-03-09,Completed,1.0,Google Cloud AI + Python,2,True
COMP_0166,Small,14,2790387.93,27903.88,0.01,Professional Services,39,Europe,Private,Mature,Predictive Analytics,Intermediate,114037.77,0.040868,6,False,True,True,0.57,50.0,80.0,4.0,1395193.97,22323.1,6.2151,61.3,AI_PROJ_0166,2023-11-28,Completed,1.0,Azure ML + .NET,6,False
COMP_0167,Medium,499,174624432.51,10498504.24,0.0601,Financial Services,24,North America,Private,Mature,Predictive Analytics,Basic,6193237.09,0.035466,3,True,False,True,0.54,31.06,79.23,1.781,54232390.49,8317961.9,5.0499,8.9,AI_PROJ_0167,2024-12-27,Deployment,0.72,Azure ML + .NET,17,False
COMP_0168,Small,6,891263.61,55021.94,0.0617,Healthcare,20,Europe,Private,Growth,Process Automation,Basic,16088.53,0.018051,3,False,False,True,0.68,1.95,2.13,0.181,17406.27,1173.83,0.5774,120.0,AI_PROJ_0168,2024-01-08,Completed,1.0,Azure ML + .NET,4,False
COMP_0169,Small,2,246947.01,14873.06,0.0602,Technology,21,Other,Public,Declining,Predictive Analytics,Basic,4419.72,0.017897,3,True,False,False,0.74,-0.12,-0.12,-0.006,-289.16,-17.74,-0.0347,120.0,AI_PROJ_0169,2022-10-24,Completed,1.0,Azure ML + .NET,8,True
COMP_0170,Small,16,2356359.89,214197.42,0.0909,Education,29,Europe,Private,Mature,Computer Vision,Basic,16342.36,0.006935,4,False,False,False,0.46,0.36,0.34,0.018,8436.61,736.95,0.2807,120.0,AI_PROJ_0170,2024-12-14,Deployment,0.86,AWS SageMaker + Python,13,False
COMP_0171,Small,7,868103.21,138072.89,0.1591,Financial Services,62,North America,Private,Mature,Natural Language Processing,Intermediate,30853.57,0.035541,7,False,True,False,0.71,1.01,1.19,0.051,8779.88,1642.97,0.1689,120.0,AI_PROJ_0171,2024-08-23,Completed,1.0,Custom ML Pipeline,3,True
COMP_0172,Small,2,519966.72,59188.74,0.1138,Retail/E-commerce,1,North America,Private,Startup,Process Automation,Intermediate,25311.66,0.048679,3,False,False,True,0.75,50.0,70.21,4.0,259983.36,41556.75,5.9565,7.3,AI_PROJ_0172,2022-10-09,Completed,1.0,Custom ML Pipeline,11,True
COMP_0173,Small,2,217255.55,30878.22,0.1421,Financial Services,13,Asia-Pacific,Private,Growth,Predictive Analytics,Intermediate,1756.21,0.008084,3,False,False,True,0.64,7.79,11.73,1.062,16922.7,3620.69,5.8488,5.8,AI_PROJ_0173,2023-09-29,Completed,1.0,Apache Spark + Scala,11,False
COMP_0174,Small,49,12127998.04,857730.24,0.0707,Retail/E-commerce,8,North America,Private,Mature,Computer Vision,Basic,106293.85,0.008764,4,False,False,True,0.58,7.45,9.54,1.054,903751.74,81851.9,4.6362,15.6,AI_PROJ_0174,2022-10-30,Completed,1.0,IBM Watson + Java,5,True
COMP_0175,Small,1,148407.22,16304.27,0.1099,Technology,6,Europe,Private,Growth,Supply Chain Optimization,Intermediate,660.27,0.004449,4,False,False,True,0.88,0.39,0.62,0.072,578.12,101.48,0.5146,78.1,AI_PROJ_0175,2025-05-23,Development,0.65,TensorFlow + Python,10,True
COMP_0176,Medium,80,35169457.97,351694.58,0.01,Education,9,North America,Public,Growth,Process Automation,Intermediate,907397.29,0.025801,5,True,False,True,0.53,31.36,67.4,1.206,11029185.84,237037.83,6.208,45.9,AI_PROJ_0176,2024-11-24,Deployment,0.94,H2O.ai + R,17,False
COMP_0177,Small,1,121617.87,37588.04,0.3091,Technology,17,Europe,Public,Growth,Customer Analytics/Personalization,Basic,2254.13,0.018535,3,False,False,True,0.81,4.78,6.99,0.583,5818.39,2626.26,1.8732,10.3,AI_PROJ_0177,2024-12-17,Deployment,0.76,Microsoft Power Platform,5,True
COMP_0178,Small,22,2876917.38,249653.34,0.0868,Media/Entertainment,3,Asia-Pacific,Private,Startup,Customer Analytics/Personalization,Basic,44281.43,0.015392,3,False,False,True,0.66,4.88,5.4,0.619,140489.45,13471.79,1.7384,39.4,AI_PROJ_0178,2024-02-26,Completed,1.0,PyTorch + Python,8,False
COMP_0179,Medium,55,15882834.3,1508908.91,0.095,Energy/Utilities,2,North America,Private,Startup,Computer Vision,Intermediate,640698.54,0.040339,5,False,False,False,0.38,-1.03,-0.83,-0.052,-163856.56,-12501.79,-0.1376,120.0,AI_PROJ_0179,2025-07-12,Planning,0.2,PyTorch + Python,19,False
COMP_0180,Medium,206,68803690.0,4808740.95,0.0699,Healthcare,16,North America,Private,Growth,Computer Vision,Intermediate,1064942.7,0.015478,11,True,False,False,0.41,-2.57,-2.8,-0.129,-1770825.67,-134487.57,-0.8946,120.0,AI_PROJ_0180,2023-06-15,Completed,1.0,DataRobot Platform,5,False
COMP_0181,Small,1,57632.78,4094.01,0.071,Professional Services,3,North America,Private,Growth,Process Automation,Intermediate,3821.99,0.066316,3,False,True,True,0.71,50.0,80.0,4.0,28816.39,3275.21,4.1983,14.0,AI_PROJ_0181,2023-11-25,Completed,1.0,Azure ML + .NET,6,True
COMP_0182,Small,49,3989999.34,592117.27,0.1484,Professional Services,18,North America,Private,Growth,Process Automation,Basic,36400.48,0.009123,3,False,False,True,0.71,6.07,6.55,0.275,242294.56,38787.88,3.861,11.3,AI_PROJ_0182,2025-07-08,Planning,0.18,Scikit-learn + Python,22,True
COMP_0183,Medium,170,107818005.43,13748906.22,0.1275,Technology,5,North America,Private,Growth,Predictive Analytics,Basic,2292945.1,0.021267,3,False,False,True,0.64,3.0,4.51,0.604,3230439.91,620173.96,0.8397,44.4,AI_PROJ_0183,2024-02-23,Completed,1.0,Google Cloud AI + Python,4,False
COMP_0184,Large,1917,1420854487.69,315578546.97,0.2221,Healthcare,40,Asia-Pacific,Private,Mature,Predictive Analytics,Intermediate,5216560.27,0.003671,3,False,False,False,0.34,1.14,1.26,0.057,16240521.8,3970396.24,1.9372,15.8,AI_PROJ_0184,2024-01-08,Completed,1.0,Azure ML + .NET,10,False
COMP_0185,Medium,66,27322995.87,8138647.51,0.2979,Technology,39,Europe,Private,Mature,Process Automation,Intermediate,1178706.13,0.04314,3,True,False,True,0.78,50.0,80.0,4.0,13661497.94,6510918.01,8.557,2.2,AI_PROJ_0185,2023-04-16,Completed,1.0,DataRobot Platform,23,False
COMP_0186,Small,40,7198078.59,1384510.81,0.1923,Technology,31,North America,Private,Mature,Process Automation,Basic,48235.92,0.006701,3,True,True,True,0.88,16.95,51.51,1.263,1220115.42,713162.23,20.0398,0.8,AI_PROJ_0186,2024-07-10,Completed,1.0,Scikit-learn + Python,4,False
COMP_0187,Small,45,3189853.88,42449.49,0.0133,Financial Services,14,Europe,Private,Mature,Process Automation,Basic,108682.5,0.034071,3,False,False,True,0.78,33.14,47.31,4.0,1057148.13,20081.19,4.9559,64.9,AI_PROJ_0187,2022-11-04,Completed,1.0,Microsoft Power Platform,9,False
COMP_0188,Medium,184,87154164.32,3532441.31,0.0405,Financial Services,13,North America,Private,Growth,Process Automation,Intermediate,3441244.61,0.039485,3,False,False,False,0.68,-2.52,-2.47,-0.126,-2200032.04,-87313.66,-0.3323,120.0,AI_PROJ_0188,2024-07-25,Completed,1.0,Custom ML Pipeline,18,True
COMP_0189,Small,34,6925361.96,69253.62,0.01,Financial Services,33,North America,Private,Declining,Process Automation,Basic,42145.99,0.006086,3,True,False,False,0.78,-3.87,-3.3,-0.193,-267937.51,-2283.17,-3.2058,120.0,AI_PROJ_0189,2023-12-16,Completed,1.0,AWS SageMaker + Python,2,True
COMP_0190,Small,49,7969532.81,79695.33,0.01,Manufacturing,14,North America,Private,Growth,Computer Vision,Basic,240797.95,0.030215,5,False,True,False,0.64,0.05,0.04,0.002,3592.85,34.92,0.0075,120.0,AI_PROJ_0190,2022-10-25,Completed,1.0,Azure ML + .NET,8,False
COMP_0191,Large,2359,973812380.11,132731592.98,0.1363,Government,20,North America,Private,Growth,Natural Language Processing,Intermediate,28065717.09,0.02882,3,True,False,True,0.31,32.18,68.4,1.648,313327658.07,90782540.34,7.1994,3.7,AI_PROJ_0191,2023-09-18,Completed,1.0,H2O.ai + R,21,False
COMP_0192,Small,6,1462615.9,45868.59,0.0314,Technology,66,North America,Private,Mature,Natural Language Processing,Intermediate,36576.57,0.025008,3,False,True,True,0.81,50.0,80.0,4.0,731307.95,36694.87,10.4986,12.0,AI_PROJ_0192,2025-06-29,Planning,0.06,Custom ML Pipeline,5,False
COMP_0193,Small,34,3798298.72,351157.65,0.0925,Professional Services,13,North America,Private,Mature,Customer Analytics/Personalization,Intermediate,102424.46,0.026966,6,True,False,True,0.64,6.04,9.53,0.569,229238.07,33476.56,1.2825,36.7,AI_PROJ_0193,2023-05-24,Completed,1.0,IBM Watson + Java,6,False
COMP_0194,Medium,53,20839317.11,2151212.22,0.1032,Healthcare,1,North America,Private,Startup,Customer Analytics/Personalization,Basic,482048.03,0.023132,3,True,False,False,0.51,1.94,2.07,0.097,403468.53,44469.44,0.4646,120.0,AI_PROJ_0194,2023-06-27,Completed,1.0,TensorFlow + Python,18,False
COMP_0195,Small,6,841165.96,194004.77,0.2306,Education,8,North America,Private,Mature,Predictive Analytics,Intermediate,21950.96,0.026096,3,False,False,True,0.49,9.06,8.72,0.379,76225.36,16910.58,2.1215,15.6,AI_PROJ_0195,2023-03-12,Completed,1.0,IBM Watson + Java,2,False
COMP_0196,Large,924,595518331.85,5955183.32,0.01,Technology,28,North America,Public,Mature,Supply Chain Optimization,Intermediate,3445526.74,0.005786,3,True,True,True,0.68,17.01,55.03,3.186,101299626.42,3276994.29,15.1757,12.6,AI_PROJ_0196,2025-07-28,Planning,0.1,Scikit-learn + Python,10,False
COMP_0197,Small,1,302103.76,38207.7,0.1265,Technology,6,North America,Private,Mature,Process Automation,Intermediate,5030.5,0.016652,3,False,False,False,0.88,-1.13,-1.31,-0.056,-3410.7,-499.95,-0.3887,120.0,AI_PROJ_0197,2023-11-26,Completed,1.0,Apache Spark + Scala,15,True
COMP_0198,Small,6,604465.05,6044.65,0.01,Media/Entertainment,51,North America,Public,Mature,Supply Chain Optimization,Intermediate,12108.43,0.020032,3,True,True,True,0.73,17.11,36.68,2.16,103442.03,2217.42,4.3631,65.5,AI_PROJ_0198,2025-07-19,Planning,0.18,IBM Watson + Java,3,False
COMP_0199,Small,10,2104932.31,527807.08,0.2507,Financial Services,29,North America,Private,Mature,Predictive Analytics,Basic,58197.92,0.027648,3,False,False,True,0.64,27.84,34.1,1.877,586037.87,179984.23,6.5812,3.9,AI_PROJ_0199,2024-05-12,Completed,1.0,PyTorch + Python,8,False
COMP_0200,Large,1188,456907987.91,21556254.04,0.0472,Retail/E-commerce,5,Asia-Pacific,Public,Startup,Process Automation,Intermediate,7161566.62,0.015674,3,True,False,True,0.55,39.41,80.0,3.182,180084234.18,17245003.23,13.777,5.0,AI_PROJ_0200,2024-05-17,Completed,1.0,H2O.ai + R,21,True
COMP_0201,Small,34,7050854.31,725978.43,0.103,Manufacturing,37,Asia-Pacific,Private,Mature,Natural Language Processing,Intermediate,133784.41,0.018974,5,False,True,True,0.74,3.88,4.18,0.233,273300.78,30360.12,1.1349,52.9,AI_PROJ_0201,2024-07-18,Completed,1.0,IBM Watson + Java,3,True
COMP_0202,Medium,236,97058465.77,24844627.78,0.256,Technology,19,Asia-Pacific,Public,Growth,Predictive Analytics,Intermediate,1300175.58,0.013396,5,True,False,True,0.64,29.57,70.53,2.277,28702294.17,17523789.53,17.7769,0.9,AI_PROJ_0202,2022-09-30,Completed,1.0,Custom ML Pipeline,4,False
COMP_0203,Large,1916,1453981497.11,223975537.15,0.154,Financial Services,1,North America,Public,Growth,Process Automation,Advanced,38525985.35,0.026497,3,True,False,False,0.58,-1.27,-1.2,-0.063,-18451072.36,-2684984.62,-0.2743,120.0,AI_PROJ_0203,2025-04-25,Development,0.58,Apache Spark + Scala,12,False
COMP_0204,Small,23,4262272.26,1328246.63,0.3116,Technology,2,Europe,Private,Growth,Process Automation,Basic,119337.02,0.027998,3,False,False,True,0.88,10.95,16.61,1.229,466784.6,220637.06,2.8802,6.5,AI_PROJ_0204,2023-04-30,Completed,1.0,Apache Spark + Scala,4,False
COMP_0205,Small,41,2725579.29,313572.14,0.115,Manufacturing,5,Europe,Private,Startup,Process Automation,Basic,84157.91,0.030877,3,True,False,False,0.81,2.36,2.5,0.118,64332.4,7846.14,0.4288,120.0,AI_PROJ_0205,2023-10-21,Completed,1.0,AWS SageMaker + Python,8,False
COMP_0206,Small,49,10618257.2,1338745.65,0.1261,Financial Services,32,Europe,Private,Declining,Customer Analytics/Personalization,Intermediate,110769.72,0.010432,3,False,True,True,0.71,0.68,0.65,0.076,71758.81,8646.85,0.3629,120.0,AI_PROJ_0206,2024-08-24,Completed,1.0,Custom ML Pipeline,23,False
COMP_0207,Small,49,7809796.17,908096.72,0.1163,Financial Services,3,Europe,Private,Startup,Process Automation,Basic,43312.4,0.005546,3,True,False,True,0.78,26.65,48.07,2.872,2081405.47,436566.15,29.0676,1.2,AI_PROJ_0207,2023-07-18,Completed,1.0,Microsoft Power Platform,3,False
COMP_0208,Small,1,224614.59,36035.06,0.1604,Transportation/Logistics,16,Europe,Private,Mature,Predictive Analytics,Basic,868.26,0.003866,3,True,True,True,0.64,-1.01,-1.94,-0.116,-2273.51,-699.9,-1.7123,120.0,AI_PROJ_0208,2024-06-15,Completed,1.0,Scikit-learn + Python,7,False
COMP_0209,Small,49,3347897.97,778435.21,0.2325,Financial Services,1,Europe,Private,Startup,Customer Analytics/Personalization,Intermediate,99508.62,0.029723,3,False,True,True,0.71,37.49,51.84,3.611,1255107.25,403515.47,8.3341,3.0,AI_PROJ_0209,2023-05-24,Completed,1.0,DataRobot Platform,17,False
COMP_0210,Small,31,8154474.13,1473308.81,0.1807,Technology,4,North America,Private,Startup,Customer Analytics/Personalization,Basic,168979.51,0.020722,3,False,False,True,0.81,11.28,21.65,1.097,919805.48,318994.31,3.6655,6.4,AI_PROJ_0210,2022-10-30,Completed,1.0,Apache Spark + Scala,4,False
COMP_0211,Small,24,1845244.77,212663.29,0.1152,Education,28,Asia-Pacific,Private,Mature,Process Automation,Basic,48658.83,0.02637,4,False,False,True,0.63,7.53,9.74,0.317,139011.27,20718.12,1.6413,28.2,AI_PROJ_0211,2023-05-27,Completed,1.0,Google Cloud AI + Python,8,False
COMP_0212,Small,8,1348288.11,13482.88,0.01,Retail/E-commerce,4,Europe,Private,Startup,Natural Language Processing,Intermediate,72012.99,0.053411,3,True,False,True,0.68,30.55,54.45,2.968,411875.88,7340.8,2.9107,117.7,AI_PROJ_0212,2023-12-18,Completed,1.0,AWS SageMaker + Python,19,True
COMP_0213,Small,7,1400495.0,94666.28,0.0676,Transportation/Logistics,23,North America,Public,Mature,Process Automation,Basic,28165.31,0.020111,3,False,True,True,0.78,5.47,7.42,0.442,76611.26,7028.75,1.4848,48.1,AI_PROJ_0213,2025-01-17,Deployment,0.83,Scikit-learn + Python,5,True
COMP_0214,Medium,65,23249046.61,2237366.07,0.0962,Other,5,Europe,Private,Startup,Process Automation,Advanced,835247.56,0.035926,18,True,False,False,0.78,0.81,0.72,0.041,188416.78,16099.12,0.1224,120.0,AI_PROJ_0214,2024-12-02,Deployment,0.86,Apache Spark + Scala,4,False
COMP_0215,Large,500,201597985.87,16685207.57,0.0828,Manufacturing,9,Europe,Private,Growth,Customer Analytics/Personalization,Intermediate,4996407.55,0.024784,3,True,False,True,0.54,3.93,6.94,0.443,7922483.93,1157438.84,0.9086,51.8,AI_PROJ_0215,2025-05-24,Development,0.52,H2O.ai + R,18,True
COMP_0216,Medium,132,50397037.38,550630.36,0.0109,Financial Services,3,Asia-Pacific,Private,Startup,Computer Vision,Intermediate,2236911.04,0.044386,6,False,False,False,0.51,-4.36,-4.11,-0.218,-2197237.17,-22657.16,-0.4962,120.0,AI_PROJ_0216,2025-01-09,Deployment,0.84,Apache Spark + Scala,5,True
COMP_0217,Small,5,895250.01,107397.26,0.12,Professional Services,12,North America,Private,Mature,Predictive Analytics,Basic,8835.2,0.009869,3,False,False,True,0.57,3.13,3.11,0.363,27992.83,3342.43,1.7733,31.7,AI_PROJ_0217,2023-11-08,Completed,1.0,Scikit-learn + Python,8,True
COMP_0218,Small,7,1029844.56,20895.1,0.0203,Retail/E-commerce,8,Europe,Private,Growth,Computer Vision,Intermediate,25042.2,0.024316,3,False,False,True,0.58,8.77,8.66,1.087,90326.11,1808.84,1.8396,120.0,AI_PROJ_0218,2023-08-06,Completed,1.0,Azure ML + .NET,24,False
COMP_0219,Small,8,1001348.88,84402.44,0.0843,Education,13,North America,Private,Growth,Process Automation,Intermediate,58408.03,0.058329,5,False,False,False,0.63,-4.09,-3.94,-0.205,-40996.73,-3326.14,-0.3794,120.0,AI_PROJ_0219,2023-08-18,Completed,1.0,Custom ML Pipeline,2,False
COMP_0220,Small,25,3736919.32,513736.43,0.1375,Manufacturing,2,Europe,Private,Startup,Process Automation,Basic,99451.17,0.026613,5,False,False,False,0.81,0.49,0.56,0.024,18150.3,2853.52,0.1056,120.0,AI_PROJ_0220,2025-06-16,Development,0.34,PyTorch + Python,7,False
COMP_0221,Small,26,2377934.14,843259.38,0.3546,Technology,12,North America,Private,Growth,Natural Language Processing,Basic,35767.3,0.015041,3,False,False,True,0.81,9.47,14.81,1.875,225234.33,124916.85,4.8949,3.4,AI_PROJ_0221,2023-09-20,Completed,1.0,Scikit-learn + Python,21,False
COMP_0222,Medium,90,24010321.69,1379773.12,0.0575,Manufacturing,17,North America,Private,Mature,Customer Analytics/Personalization,Intermediate,596635.21,0.024849,3,True,False,True,0.64,2.68,6.4,0.307,644346.78,88305.5,0.614,81.1,AI_PROJ_0222,2024-09-20,Completed,1.0,Google Cloud AI + Python,4,False
COMP_0223,Large,890,936194060.19,91853003.3,0.0981,Professional Services,8,North America,Public,Growth,Process Automation,Basic,4992379.0,0.005333,3,True,False,False,0.51,2.55,2.04,0.128,23874755.04,1877531.93,2.5792,31.9,AI_PROJ_0223,2023-09-20,Completed,1.0,TensorFlow + Python,5,True
COMP_0224,Small,11,1386007.45,276107.22,0.1992,Other,74,North America,Private,Mature,Process Automation,Intermediate,19191.67,0.013847,3,False,False,False,0.73,-3.14,-3.62,-0.157,-43543.96,-9997.43,-1.3949,120.0,AI_PROJ_0224,2022-10-09,Completed,1.0,AWS SageMaker + Python,23,True
COMP_0225,Small,40,7174551.11,409868.78,0.0571,Healthcare,6,Europe,Private,Growth,Natural Language Processing,Basic,61519.09,0.008575,3,False,False,True,0.61,1.18,1.62,0.068,84722.08,6634.95,0.7425,111.3,AI_PROJ_0225,2022-12-08,Completed,1.0,Azure ML + .NET,2,False
COMP_0226,Medium,60,20832717.93,5773063.34,0.2771,Financial Services,1,North America,Private,Startup,Process Automation,Intermediate,1588657.88,0.076258,6,True,False,True,0.68,16.2,41.5,1.068,3373975.55,2395810.12,1.8159,8.0,AI_PROJ_0226,2025-07-04,Planning,0.11,Custom ML Pipeline,9,False
COMP_0227,Small,17,2914699.28,269968.15,0.0926,Financial Services,19,Europe,Private,Growth,Computer Vision,Intermediate,63276.36,0.021709,7,False,False,False,0.61,0.03,0.03,0.002,966.94,84.91,0.0083,120.0,AI_PROJ_0227,2024-02-05,Completed,1.0,Scikit-learn + Python,17,False
COMP_0228,Small,2,387869.93,21783.01,0.0562,Manufacturing,1,Europe,Private,Growth,Customer Analytics/Personalization,Basic,4996.51,0.012882,3,False,False,True,0.74,1.15,1.15,0.102,4447.1,250.71,0.4701,120.0,AI_PROJ_0228,2025-08-06,Planning,0.13,PyTorch + Python,2,False
COMP_0229,Medium,50,12080961.37,1404683.28,0.1163,Technology,4,North America,Private,Growth,Computer Vision,Intermediate,412093.2,0.034111,3,False,False,True,0.61,47.61,77.74,3.699,5751555.98,1092028.77,8.3034,4.5,AI_PROJ_0229,2025-06-10,Development,0.57,Custom ML Pipeline,9,False
COMP_0230,Small,2,158923.65,33907.68,0.2134,Technology,1,Europe,Private,Growth,Customer Analytics/Personalization,Basic,1262.76,0.007946,3,False,False,False,0.81,2.1,2.22,0.105,3337.93,752.42,1.6196,20.1,AI_PROJ_0230,2022-11-17,Completed,1.0,TensorFlow + Python,18,False
COMP_0231,Small,4,872507.97,47406.74,0.0543,Other,8,Europe,Public,Mature,Process Automation,Basic,5062.98,0.005803,3,True,False,True,0.73,2.33,3.83,0.181,20314.19,1813.89,2.1853,33.5,AI_PROJ_0231,2025-06-26,Development,0.46,Scikit-learn + Python,5,False
COMP_0232,Medium,259,105476368.4,11204610.0,0.1062,Financial Services,33,North America,Private,Mature,Predictive Analytics,Intermediate,3165845.37,0.030015,3,False,False,True,0.54,39.29,54.35,2.293,41438202.87,6090224.72,7.5064,6.2,AI_PROJ_0232,2025-08-17,Planning,0.23,Apache Spark + Scala,6,False
COMP_0233,Small,3,347451.53,60134.3,0.1731,Professional Services,18,North America,Private,Mature,Customer Analytics/Personalization,Basic,1857.38,0.005346,3,False,False,False,0.64,1.64,1.51,0.082,5682.33,905.83,1.7735,24.6,AI_PROJ_0233,2025-04-01,Development,0.47,Scikit-learn + Python,23,False
COMP_0234,Small,3,725064.42,65250.55,0.09,Transportation/Logistics,11,Europe,Private,Growth,Customer Analytics/Personalization,Intermediate,11890.17,0.016399,3,True,False,True,0.71,22.82,44.55,2.656,165464.63,29071.4,8.1805,4.9,AI_PROJ_0234,2023-09-07,Completed,1.0,Microsoft Power Platform,3,False
COMP_0235,Small,19,2882608.66,171830.28,0.0596,Retail/E-commerce,1,North America,Public,Startup,Predictive Analytics,Intermediate,14964.11,0.005191,4,False,False,False,0.61,-0.86,-1.0,-0.043,-24878.54,-1725.07,-0.8889,120.0,AI_PROJ_0235,2023-05-13,Completed,1.0,IBM Watson + Java,10,False
COMP_0236,Small,7,436609.29,23772.84,0.0544,Education,31,North America,Private,Mature,Fraud Detection/Risk Management,Basic,7730.77,0.017706,3,False,False,True,0.59,3.41,4.39,0.316,14898.78,1043.16,1.0311,88.9,AI_PROJ_0236,2023-07-14,Completed,1.0,Google Cloud AI + Python,8,True
COMP_0237,Medium,179,70167735.65,16147348.93,0.2301,Technology,13,Europe,Private,Mature,Process Automation,Advanced,2366952.23,0.033733,3,True,False,False,0.78,-2.15,-1.81,-0.107,-1507817.64,-291600.2,-0.3801,120.0,AI_PROJ_0237,2024-08-15,Completed,1.0,PyTorch + Python,5,False
COMP_0238,Small,6,390065.52,34897.54,0.0895,Other,9,Europe,Private,Growth,Fraud Detection/Risk Management,Basic,6286.33,0.016116,4,False,False,False,0.69,-4.34,-5.06,-0.217,-16921.41,-1765.24,-1.4863,120.0,AI_PROJ_0238,2023-06-20,Completed,1.0,Google Cloud AI + Python,10,False
COMP_0239,Medium,116,71145846.44,10740389.12,0.151,Healthcare,30,North America,Public,Mature,Customer Analytics/Personalization,Intermediate,1624635.43,0.022835,12,False,False,False,0.51,0.57,0.49,0.028,403434.37,52732.29,0.1404,120.0,AI_PROJ_0239,2023-02-27,Completed,1.0,PyTorch + Python,21,False
COMP_0240,Small,7,531202.19,56854.43,0.107,Manufacturing,16,Asia-Pacific,Private,Mature,Process Automation,Basic,4662.42,0.008777,7,False,True,True,0.81,7.17,8.06,0.518,38080.58,4580.12,4.575,12.2,AI_PROJ_0240,2023-06-14,Completed,1.0,PyTorch + Python,5,True
COMP_0241,Small,1,87753.76,12608.9,0.1437,Transportation/Logistics,21,Europe,Private,Mature,Process Automation,Intermediate,4792.32,0.054611,4,True,False,True,0.78,4.48,10.13,0.259,3929.19,1277.79,0.5433,45.0,AI_PROJ_0241,2024-07-02,Completed,1.0,TensorFlow + Python,4,True
COMP_0242,Large,889,478959523.57,37810487.53,0.0789,Energy/Utilities,1,Other,Public,Startup,Other,Intermediate,8462036.88,0.017668,17,False,False,True,0.34,6.4,6.31,0.55,30661910.56,2386455.42,1.9527,42.6,AI_PROJ_0242,2025-07-25,Planning,0.16,Apache Spark + Scala,20,True
COMP_0243,Small,4,783268.36,68189.66,0.0871,Other,3,Other,Private,Startup,Customer Analytics/Personalization,Intermediate,33677.88,0.042997,3,True,False,False,0.66,-3.59,-3.9,-0.18,-28129.82,-2661.21,-0.4571,120.0,AI_PROJ_0243,2024-08-16,Completed,1.0,Custom ML Pipeline,4,False
COMP_0244,Small,6,1056180.5,103011.23,0.0975,Manufacturing,7,Europe,Private,Growth,Predictive Analytics,Intermediate,27354.52,0.025899,4,True,False,True,0.67,25.98,57.76,1.887,274353.28,59498.71,6.1023,5.5,AI_PROJ_0244,2023-07-22,Completed,1.0,H2O.ai + R,11,True
COMP_0245,Small,16,2348888.27,319031.02,0.1358,Manufacturing,25,North America,Private,Mature,Process Automation,Basic,26224.27,0.011165,3,True,False,True,0.81,1.01,2.24,0.121,23645.56,7142.69,0.587,44.1,AI_PROJ_0245,2024-10-30,Deployment,0.73,DataRobot Platform,22,False
COMP_0246,Small,14,1755703.23,169537.36,0.0966,Healthcare,1,North America,Private,Startup,Process Automation,Basic,12114.43,0.0069,3,True,False,True,0.68,7.66,15.44,0.917,134519.71,26171.24,6.6322,5.6,AI_PROJ_0246,2025-01-25,Deployment,0.92,Custom ML Pipeline,4,False
COMP_0247,Small,49,7664052.48,869136.29,0.1134,Technology,48,North America,Public,Mature,Fraud Detection/Risk Management,Basic,105707.3,0.013793,3,False,True,True,0.84,35.66,45.57,4.0,2732657.44,396042.8,14.7989,3.2,AI_PROJ_0247,2024-01-15,Completed,1.0,Azure ML + .NET,6,True
COMP_0248,Small,20,2632344.2,293938.0,0.1117,Healthcare,17,North America,Public,Growth,Customer Analytics/Personalization,Basic,17619.99,0.006694,4,False,False,False,0.61,-1.68,-1.56,-0.084,-44223.85,-4596.37,-1.3854,120.0,AI_PROJ_0248,2024-11-10,Deployment,0.75,Google Cloud AI + Python,20,True
COMP_0249,Small,13,2056833.31,521411.73,0.2535,Manufacturing,4,Asia-Pacific,Private,Startup,Natural Language Processing,Basic,25071.15,0.012189,8,True,False,True,0.74,7.63,17.72,0.571,156889.37,92413.23,4.9719,3.3,AI_PROJ_0249,2023-06-08,Completed,1.0,Google Cloud AI + Python,2,True
COMP_0250,Medium,175,68398159.59,4035114.18,0.059,Media/Entertainment,48,Europe,Private,Declining,Predictive Analytics,Intermediate,2574434.97,0.037639,7,False,False,True,0.49,11.06,10.58,1.026,7562754.53,426933.36,1.5517,72.4,AI_PROJ_0250,2022-10-26,Completed,1.0,DataRobot Platform,11,True
COMP_0251,Medium,246,97541568.91,27532548.61,0.2823,Technology,2,Europe,Private,Startup,Fraud Detection/Risk Management,Intermediate,1168948.81,0.011984,7,False,False,True,0.74,14.3,26.34,1.272,13952067.2,7251846.98,9.0697,1.9,AI_PROJ_0251,2024-09-21,Completed,1.0,Scikit-learn + Python,15,True
COMP_0252,Large,2330,1868679740.19,350257918.89,0.1874,Financial Services,13,Asia-Pacific,Private,Mature,Process Automation,Intermediate,30655701.93,0.016405,3,True,False,False,0.58,-0.47,-0.41,-0.024,-8840638.11,-1429862.52,-0.1675,120.0,AI_PROJ_0252,2025-07-24,Planning,0.15,PyTorch + Python,5,False
COMP_0253,Small,9,1311059.64,147159.36,0.1122,Education,13,North America,Public,Mature,Predictive Analytics,Basic,11920.93,0.009093,3,False,False,True,0.49,10.77,9.08,0.53,141136.4,13366.43,6.4803,10.7,AI_PROJ_0253,2024-09-18,Completed,1.0,Apache Spark + Scala,8,False
COMP_0254,Medium,50,14367544.41,946428.78,0.0659,Technology,2,Asia-Pacific,Private,Growth,Predictive Analytics,Basic,173895.14,0.012103,3,False,False,True,0.64,8.67,12.05,0.957,1245018.82,114084.02,3.9078,18.3,AI_PROJ_0254,2024-01-25,Completed,1.0,H2O.ai + R,11,False
COMP_0255,Small,29,7370984.29,904384.48,0.1227,Technology,5,North America,Private,Startup,Predictive Analytics,Intermediate,115032.11,0.015606,4,True,True,True,0.74,45.96,80.0,4.0,3387504.28,723507.58,17.869,1.9,AI_PROJ_0255,2025-01-15,Deployment,0.72,H2O.ai + R,5,True
COMP_0256,Small,4,257813.68,27320.69,0.106,Retail/E-commerce,2,North America,Private,Growth,Process Automation,Intermediate,5643.81,0.021891,3,False,False,True,0.75,2.18,2.63,0.139,5628.13,718.51,0.5623,94.3,AI_PROJ_0256,2022-12-14,Completed,1.0,DataRobot Platform,6,False
COMP_0257,Small,23,3558766.59,326910.6,0.0919,Financial Services,17,North America,Private,Growth,Natural Language Processing,Intermediate,59527.68,0.016727,11,False,False,True,0.71,3.31,3.36,0.452,117839.78,10995.73,1.0821,65.0,AI_PROJ_0257,2023-05-19,Completed,1.0,Scikit-learn + Python,8,True
COMP_0258,Large,2326,2150756914.82,66982504.97,0.0311,Retail/E-commerce,40,Europe,Private,Mature,Process Automation,Intermediate,67299662.21,0.031291,4,True,False,False,0.55,-3.51,-3.18,-0.175,-75435045.95,-2132585.96,-0.5763,120.0,AI_PROJ_0258,2025-08-02,Planning,0.14,Custom ML Pipeline,2,True
COMP_0259,Small,49,8057148.09,1223321.87,0.1518,Technology,9,Europe,Private,Growth,Predictive Analytics,Basic,151662.19,0.018823,3,True,False,True,0.74,9.71,24.19,0.875,782526.47,295908.45,3.5554,6.2,AI_PROJ_0259,2023-03-10,Completed,1.0,Scikit-learn + Python,9,False
COMP_0260,Medium,82,22930249.83,4739661.08,0.2067,Healthcare,2,Europe,Private,Startup,Computer Vision,Intermediate,369566.4,0.016117,3,False,False,True,0.41,23.0,23.83,2.571,5273623.33,1129458.25,8.663,3.9,AI_PROJ_0260,2023-09-29,Completed,1.0,Scikit-learn + Python,19,True
COMP_0261,Small,49,6447617.19,1238250.18,0.192,Retail/E-commerce,1,North America,Private,Startup,Computer Vision,Intermediate,83104.37,0.012889,3,False,False,True,0.58,22.12,22.66,2.941,1426192.77,280555.39,10.2687,3.6,AI_PROJ_0261,2022-11-28,Completed,1.0,TensorFlow + Python,4,False
COMP_0262,Medium,55,18724315.24,2765968.54,0.1477,Financial Services,1,Asia-Pacific,Private,Growth,Customer Analytics/Personalization,Intermediate,591257.42,0.031577,3,True,False,True,0.61,14.56,32.87,0.988,2726537.53,909147.07,3.0745,7.8,AI_PROJ_0262,2023-07-31,Completed,1.0,DataRobot Platform,4,True
COMP_0263,Medium,85,38958823.33,4198475.85,0.1078,Technology,32,North America,Private,Mature,Process Automation,Intermediate,465816.49,0.011957,3,False,False,True,0.78,9.83,17.13,1.538,3829075.27,719356.73,4.8822,7.8,AI_PROJ_0263,2023-08-01,Completed,1.0,H2O.ai + R,11,False
COMP_0264,Small,26,2061089.56,334538.1,0.1623,Technology,1,North America,Public,Startup,Customer Analytics/Personalization,Basic,19984.54,0.009696,3,False,True,True,0.81,10.44,19.37,1.667,215234.44,64813.6,7.0066,3.7,AI_PROJ_0264,2025-02-13,Deployment,0.77,Azure ML + .NET,5,True
COMP_0265,Medium,50,25065520.72,5912570.04,0.2359,Financial Services,7,North America,Private,Growth,Predictive Analytics,Intermediate,643073.34,0.025656,8,False,False,True,0.54,19.7,22.8,2.403,4937295.9,1348006.94,4.8869,5.7,AI_PROJ_0265,2024-10-22,Deployment,0.89,PyTorch + Python,8,True
COMP_0266,Medium,50,31204470.74,6843921.49,0.2193,Media/Entertainment,22,North America,Private,Mature,Process Automation,Intermediate,1655250.27,0.053045,3,False,False,False,0.63,2.29,2.43,0.115,715552.69,166510.91,0.2664,119.3,AI_PROJ_0266,2025-08-25,Planning,0.12,DataRobot Platform,11,False
COMP_0267,Small,1,49864.05,1504.24,0.0302,Government,4,Asia-Pacific,Private,Startup,Process Automation,Basic,971.9,0.019491,7,False,False,False,0.58,2.14,2.1,0.107,1068.94,31.58,0.5662,120.0,AI_PROJ_0267,2025-05-21,Development,0.44,Scikit-learn + Python,3,True
COMP_0268,Small,2,130252.5,5620.77,0.0432,Manufacturing,36,North America,Private,Mature,Process Automation,Basic,4666.94,0.03583,3,False,True,True,0.81,31.32,29.04,2.708,40790.36,1632.08,4.545,34.3,AI_PROJ_0268,2023-05-13,Completed,1.0,Azure ML + .NET,5,False
COMP_0269,Small,14,2054265.78,96864.22,0.0472,Financial Services,15,North America,Private,Growth,Fraud Detection/Risk Management,Basic,42458.07,0.020668,3,False,False,True,0.74,9.52,9.77,1.283,195503.87,9460.97,2.4137,53.9,AI_PROJ_0269,2024-10-23,Deployment,0.71,TensorFlow + Python,12,True
COMP_0270,Small,9,1587470.26,307731.28,0.1939,Financial Services,1,Asia-Pacific,Private,Startup,Natural Language Processing,Basic,8467.69,0.005334,3,True,False,True,0.71,4.63,8.38,0.683,73535.26,25775.14,5.8641,3.9,AI_PROJ_0270,2024-11-17,Deployment,0.82,H2O.ai + R,4,False
COMP_0271,Small,31,2237121.5,174848.54,0.0782,Technology,2,North America,Public,Startup,Process Automation,Intermediate,54546.76,0.024383,3,False,True,True,0.88,21.93,31.91,3.677,490693.87,55802.09,5.0094,11.7,AI_PROJ_0271,2024-10-11,Deployment,0.82,H2O.ai + R,5,False
COMP_0272,Large,954,871240164.2,123412853.64,0.1417,Education,6,North America,Public,Mature,Natural Language Processing,Advanced,78069445.88,0.089607,3,True,True,True,0.36,9.41,13.72,0.674,81998791.6,16928514.74,0.6336,55.3,AI_PROJ_0272,2025-06-28,Planning,0.23,AWS SageMaker + Python,10,False
COMP_0273,Medium,114,43803683.53,2124681.98,0.0485,Technology,16,North America,Private,Mature,Computer Vision,Intermediate,271511.95,0.006198,3,True,False,True,0.61,3.38,9.3,0.583,1481519.72,197651.35,3.0923,16.5,AI_PROJ_0273,2022-10-08,Completed,1.0,Custom ML Pipeline,2,False
COMP_0274,Medium,281,88314162.55,16133830.66,0.1827,Healthcare,1,North America,Public,Growth,Computer Vision,Basic,259036.45,0.002933,4,False,False,False,0.41,1.63,1.82,0.081,1437968.35,292989.53,3.3411,10.6,AI_PROJ_0274,2025-04-11,Development,0.48,Scikit-learn + Python,10,True
COMP_0275,Small,29,6060034.21,722888.2,0.1193,Manufacturing,29,Asia-Pacific,Public,Mature,Process Automation,Intermediate,269166.48,0.044417,6,True,False,True,0.81,21.83,45.93,1.726,1322829.5,332056.73,3.0741,9.7,AI_PROJ_0275,2024-01-20,Completed,1.0,DataRobot Platform,18,True
COMP_0276,Medium,50,8978300.49,1539219.25,0.1714,Technology,31,North America,Private,Declining,Process Automation,Intermediate,497932.83,0.05546,4,False,False,False,0.78,-2.11,-1.69,-0.105,-189068.64,-26064.93,-0.216,120.0,AI_PROJ_0276,2024-07-01,Completed,1.0,Google Cloud AI + Python,5,False
COMP_0277,Small,22,2205273.03,554290.48,0.2513,Technology,7,Europe,Private,Growth,Process Automation,Intermediate,36163.54,0.016399,3,False,False,True,0.88,11.12,13.79,1.771,245153.74,76449.24,4.4465,5.7,AI_PROJ_0277,2023-03-08,Completed,1.0,DataRobot Platform,6,False
COMP_0278,Small,14,1722677.52,163414.5,0.0949,Financial Services,6,North America,Private,Mature,Customer Analytics/Personalization,Basic,5595.22,0.003248,4,False,False,True,0.71,0.57,0.68,0.062,9876.39,1108.16,0.9816,60.6,AI_PROJ_0278,2023-12-27,Completed,1.0,Custom ML Pipeline,22,False
COMP_0279,Medium,166,62883695.34,9327567.39,0.1483,Financial Services,30,North America,Private,Mature,Customer Analytics/Personalization,Basic,382936.65,0.00609,3,False,False,True,0.61,2.83,3.18,0.443,1781578.13,296573.37,2.7134,15.5,AI_PROJ_0279,2024-06-12,Completed,1.0,DataRobot Platform,4,False
COMP_0280,Small,4,471562.15,43182.65,0.0916,Other,34,North America,Private,Declining,Customer Analytics/Personalization,Basic,13058.98,0.027693,3,False,False,False,0.66,-4.27,-4.29,-0.213,-20126.92,-1853.32,-0.8416,120.0,AI_PROJ_0280,2024-08-13,Completed,1.0,Microsoft Power Platform,7,False
COMP_0281,Small,30,5504766.47,379446.79,0.0689,Healthcare,57,Other,Private,Mature,Process Automation,Basic,46740.25,0.008491,4,False,False,True,0.68,13.45,17.78,1.293,740149.25,67456.44,8.6393,8.3,AI_PROJ_0281,2024-02-24,Completed,1.0,Scikit-learn + Python,14,False
COMP_0282,Small,10,1971696.76,265583.78,0.1347,Healthcare,15,Asia-Pacific,Private,Growth,Process Automation,Intermediate,75999.33,0.038545,11,False,False,True,0.68,15.46,19.79,0.958,304843.8,52569.03,2.3514,17.3,AI_PROJ_0282,2024-08-28,Completed,1.0,TensorFlow + Python,2,True
COMP_0283,Large,3630,1826146830.76,259019358.51,0.1418,Manufacturing,4,Europe,Public,Growth,Process Automation,Advanced,146953624.83,0.080472,5,True,False,False,0.61,0.27,0.25,0.014,5015056.17,652707.23,0.0193,120.0,AI_PROJ_0283,2023-10-28,Completed,1.0,Custom ML Pipeline,5,False
COMP_0284,Medium,50,21597472.07,4655965.26,0.2156,Technology,31,Asia-Pacific,Private,Mature,Natural Language Processing,Advanced,1224646.81,0.056703,5,False,False,True,0.71,50.0,80.0,4.0,10798736.04,3724772.21,5.9297,3.9,AI_PROJ_0284,2023-11-05,Completed,1.0,IBM Watson + Java,22,True
COMP_0285,Small,4,710420.59,66817.34,0.0941,Manufacturing,59,Asia-Pacific,Private,Mature,Predictive Analytics,Intermediate,17119.74,0.024098,8,False,False,False,0.67,2.58,2.58,0.129,18302.72,1724.79,0.5849,119.1,AI_PROJ_0285,2024-07-27,Completed,1.0,Custom ML Pipeline,4,False
COMP_0286,Small,49,6508764.53,994732.35,0.1528,Manufacturing,5,Asia-Pacific,Private,Startup,Supply Chain Optimization,Intermediate,258726.22,0.03975,3,False,False,True,0.81,31.72,29.55,1.573,2064574.65,293922.7,4.5579,10.6,AI_PROJ_0286,2025-07-31,Planning,0.08,AWS SageMaker + Python,10,True
COMP_0287,Small,3,279222.09,50505.02,0.1809,Financial Services,11,North America,Private,Mature,Process Automation,Basic,1846.64,0.006614,3,False,True,True,0.78,15.84,20.77,1.723,44242.66,10490.85,14.8198,2.1,AI_PROJ_0287,2023-08-18,Completed,1.0,TensorFlow + Python,16,False
COMP_0288,Small,13,1629866.96,163878.5,0.1005,Technology,20,Europe,Private,Mature,Predictive Analytics,Basic,17665.17,0.010838,3,True,False,False,0.74,-3.28,-3.09,-0.164,-53492.95,-5068.69,-1.6575,120.0,AI_PROJ_0288,2023-03-03,Completed,1.0,Apache Spark + Scala,5,False
COMP_0289,Small,49,4485392.16,381297.66,0.085,Other,8,North America,Private,Growth,Process Automation,Basic,92870.53,0.020705,3,False,False,False,0.73,-3.29,-3.14,-0.165,-147708.25,-11979.15,-0.8597,120.0,AI_PROJ_0289,2023-09-23,Completed,1.0,IBM Watson + Java,9,False
COMP_0290,Small,43,7366050.9,74816.7,0.0102,Retail/E-commerce,2,Asia-Pacific,Private,Startup,Process Automation,Basic,121758.54,0.01653,3,False,False,True,0.75,13.75,16.46,1.283,1012724.3,12314.73,4.2093,118.6,AI_PROJ_0290,2023-12-17,Completed,1.0,Azure ML + .NET,10,False
COMP_0291,Medium,60,13099306.59,3143722.3,0.24,Healthcare,2,Europe,Private,Startup,Customer Analytics/Personalization,Basic,49019.94,0.003742,8,False,False,False,0.51,-0.38,-0.36,-0.019,-50245.44,-11297.66,-0.6277,120.0,AI_PROJ_0291,2024-03-08,Completed,1.0,Scikit-learn + Python,3,True
COMP_0292,Small,8,888826.65,206077.49,0.2319,Transportation/Logistics,5,North America,Private,Startup,Customer Analytics/Personalization,Basic,9486.89,0.010674,3,False,False,False,0.71,-1.49,-1.22,-0.074,-13223.66,-2507.8,-0.8291,120.0,AI_PROJ_0292,2022-09-30,Completed,1.0,TensorFlow + Python,9,False
COMP_0293,Small,23,2879060.31,473463.49,0.1645,Education,8,Europe,Private,Growth,Natural Language Processing,Basic,46091.93,0.016009,4,False,False,True,0.56,5.09,4.51,0.5,146480.38,21333.78,1.8204,25.9,AI_PROJ_0293,2024-10-27,Deployment,0.79,TensorFlow + Python,20,False
COMP_0294,Small,32,7088002.17,1499272.17,0.2115,Financial Services,19,Europe,Private,Growth,Other,Basic,141150.86,0.019914,3,False,False,False,0.52,0.03,0.03,0.001,2110.18,455.94,0.0091,120.0,AI_PROJ_0294,2024-11-17,Deployment,0.81,H2O.ai + R,5,True
COMP_0295,Medium,263,139178907.86,22214243.19,0.1596,Technology,55,Europe,Private,Mature,Predictive Analytics,Basic,692026.11,0.004972,3,True,False,True,0.64,0.83,1.7,0.141,1150513.67,378144.55,1.1045,22.0,AI_PROJ_0295,2024-02-27,Completed,1.0,Microsoft Power Platform,10,False
COMP_0296,Small,39,4351247.76,449001.48,0.1032,Financial Services,65,Europe,Private,Mature,Process Automation,Basic,44084.64,0.010131,6,False,False,False,0.78,1.2,1.35,0.06,52270.99,6048.9,0.6615,87.5,AI_PROJ_0296,2025-03-29,Development,0.28,TensorFlow + Python,11,False
COMP_0297,Small,10,1080685.74,35345.83,0.0327,Manufacturing,15,North America,Private,Mature,Predictive Analytics,Basic,35451.99,0.032805,3,False,False,True,0.67,36.89,44.9,2.16,398708.05,15870.82,5.847,26.8,AI_PROJ_0297,2023-07-03,Completed,1.0,DataRobot Platform,2,False
COMP_0298,Small,33,4116652.45,440007.78,0.1069,Manufacturing,2,North America,Private,Growth,Customer Analytics/Personalization,Intermediate,153014.63,0.03717,7,True,False,True,0.74,10.54,25.35,0.934,433773.68,111542.81,1.7819,16.5,AI_PROJ_0298,2025-05-06,Development,0.44,PyTorch + Python,7,False
COMP_0299,Small,9,711319.11,147468.52,0.2073,Professional Services,19,North America,Private,Growth,Supply Chain Optimization,Intermediate,34310.36,0.048235,8,True,False,True,0.71,24.98,57.06,2.852,177690.53,84138.84,3.8156,4.9,AI_PROJ_0299,2023-04-09,Completed,1.0,H2O.ai + R,21,True
COMP_0300,Large,1654,1277713007.41,245554620.74,0.1922,Financial Services,4,Europe,Private,Startup,Computer Vision,Basic,33120129.39,0.025921,5,True,False,True,0.41,50.0,80.0,4.0,638856503.71,196443696.59,12.6102,2.0,AI_PROJ_0300,2024-08-14,Completed,1.0,Scikit-learn + Python,2,False
COMP_0301,Small,7,1579537.26,224329.03,0.142,Technology,1,Europe,Public,Growth,Customer Analytics/Personalization,Basic,9397.26,0.005949,3,False,False,True,0.81,0.82,0.99,0.133,12960.95,2217.28,0.8076,50.9,AI_PROJ_0301,2023-04-23,Completed,1.0,Microsoft Power Platform,6,False
COMP_0302,Small,5,1185788.34,21567.69,0.0182,Healthcare,33,Europe,Private,Mature,Fraud Detection/Risk Management,Intermediate,22632.45,0.019086,5,False,False,True,0.64,23.84,33.76,1.317,282671.9,7280.28,6.4057,37.3,AI_PROJ_0302,2024-03-11,Completed,1.0,DataRobot Platform,13,False
COMP_0303,Small,1,131370.75,1313.71,0.01,Manufacturing,2,Europe,Private,Startup,Fraud Detection/Risk Management,Intermediate,5937.05,0.045193,5,False,False,True,0.77,26.74,28.97,1.814,35133.93,380.6,2.9909,120.0,AI_PROJ_0303,2022-10-13,Completed,1.0,Microsoft Power Platform,3,True
COMP_0304,Small,5,647313.49,46195.72,0.0714,Media/Entertainment,8,North America,Private,Mature,Natural Language Processing,Basic,20121.77,0.031085,3,False,False,False,0.66,-0.44,-0.51,-0.022,-2819.11,-237.05,-0.0759,120.0,AI_PROJ_0304,2023-01-02,Completed,1.0,AWS SageMaker + Python,9,False
COMP_0305,Small,3,565735.23,55078.29,0.0974,Professional Services,4,Europe,Private,Startup,Predictive Analytics,Basic,13406.66,0.023698,3,False,False,True,0.57,11.13,12.5,0.887,62969.47,6883.62,2.6052,23.4,AI_PROJ_0305,2023-08-26,Completed,1.0,IBM Watson + Java,17,True
COMP_0306,Medium,62,16285302.72,1688286.64,0.1037,Retail/E-commerce,8,North America,Private,Growth,Process Automation,Intermediate,675113.13,0.041455,8,True,False,False,0.65,-2.14,-2.56,-0.107,-349238.58,-43294.63,-0.2907,120.0,AI_PROJ_0306,2024-08-31,Completed,1.0,Scikit-learn + Python,5,False
COMP_0307,Small,41,2563071.81,565274.63,0.2205,Media/Entertainment,4,North America,Private,Startup,Customer Analytics/Personalization,Basic,25485.29,0.009943,3,True,False,False,0.66,-0.11,-0.13,-0.006,-2881.61,-716.95,-0.0706,120.0,AI_PROJ_0307,2023-08-17,Completed,1.0,PyTorch + Python,8,False
COMP_0308,Small,1,134114.34,27483.42,0.2049,Retail/E-commerce,11,North America,Private,Mature,Process Automation,Basic,2719.86,0.02028,3,False,False,False,0.75,-0.18,-0.18,-0.009,-244.96,-50.06,-0.0542,120.0,AI_PROJ_0308,2022-10-29,Completed,1.0,Apache Spark + Scala,20,False
COMP_0309,Small,16,1602218.07,292643.72,0.1826,Healthcare,21,North America,Private,Mature,Predictive Analytics,Basic,14387.43,0.00898,14,False,False,True,0.69,4.62,7.76,0.602,74093.96,22721.81,3.3646,7.6,AI_PROJ_0309,2025-06-30,Planning,0.18,Azure ML + .NET,5,False
COMP_0310,Small,6,827475.73,150156.56,0.1815,Professional Services,2,Europe,Private,Startup,Customer Analytics/Personalization,Basic,11964.05,0.014458,3,False,True,False,0.64,-1.06,-1.08,-0.053,-8736.22,-1625.97,-0.4331,120.0,AI_PROJ_0310,2023-01-22,Completed,1.0,Apache Spark + Scala,5,True
COMP_0311,Small,31,8880444.44,2394960.93,0.2697,Technology,16,North America,Private,Growth,Natural Language Processing,Intermediate,147119.16,0.016567,3,False,True,True,0.81,23.06,27.28,1.979,2047948.69,653237.67,9.1803,2.7,AI_PROJ_0311,2024-10-20,Deployment,0.87,TensorFlow + Python,24,True
COMP_0312,Small,14,2184767.09,206116.32,0.0943,Financial Services,38,Europe,Private,Mature,Fraud Detection/Risk Management,Basic,64421.25,0.029487,4,False,False,True,0.74,18.28,19.97,1.025,399325.75,41168.0,3.4189,18.8,AI_PROJ_0312,2023-06-02,Completed,1.0,Scikit-learn + Python,3,False
COMP_0313,Small,49,5566281.5,1742266.43,0.313,Technology,32,North America,Private,Mature,Process Automation,Intermediate,63601.56,0.011426,3,False,False,True,0.88,1.42,1.96,0.273,78952.74,34206.78,0.8896,22.3,AI_PROJ_0313,2025-08-10,Planning,0.14,DataRobot Platform,11,False
COMP_0314,Small,6,822883.74,102888.65,0.125,Technology,24,Asia-Pacific,Private,Mature,Process Automation,Intermediate,10878.79,0.01322,3,False,False,True,0.88,36.11,56.3,4.0,297148.39,57926.72,16.3196,2.3,AI_PROJ_0314,2023-08-05,Completed,1.0,Microsoft Power Platform,24,False
COMP_0315,Small,15,1356575.54,119312.82,0.088,Financial Services,11,North America,Private,Mature,Process Automation,Intermediate,31266.94,0.023048,4,False,False,True,0.78,8.12,12.61,1.317,110092.48,15039.81,2.001,24.9,AI_PROJ_0315,2022-12-17,Completed,1.0,Custom ML Pipeline,3,True
COMP_0316,Small,49,2461741.54,344203.61,0.1398,Manufacturing,3,North America,Private,Startup,Process Automation,Basic,16144.89,0.006558,3,True,False,True,0.81,1.98,4.06,0.225,48856.29,13977.17,1.9459,13.9,AI_PROJ_0316,2024-10-16,Deployment,0.91,DataRobot Platform,4,False
COMP_0317,Small,1,210873.65,2266.93,0.0108,Retail/E-commerce,26,North America,Private,Mature,Process Automation,Basic,594.53,0.002819,3,True,False,False,0.75,-1.75,-1.65,-0.087,-3684.93,-37.33,-3.1304,120.0,AI_PROJ_0317,2025-06-13,Development,0.45,Scikit-learn + Python,23,False
COMP_0318,Medium,50,27177001.42,2635785.83,0.097,Technology,1,North America,Public,Startup,Customer Analytics/Personalization,Intermediate,642346.74,0.023636,3,False,False,True,0.71,4.04,7.51,0.537,1097027.71,198039.22,1.0081,38.9,AI_PROJ_0318,2023-12-29,Completed,1.0,Azure ML + .NET,5,False
COMP_0319,Small,6,992861.93,12298.68,0.0124,Manufacturing,3,Other,Public,Growth,Fraud Detection/Risk Management,Basic,8768.45,0.008831,3,False,False,True,0.77,9.04,10.98,1.156,89707.82,1350.05,5.1924,77.9,AI_PROJ_0319,2025-05-01,Development,0.66,Custom ML Pipeline,8,True
COMP_0320,Medium,50,18730124.14,3513263.08,0.1876,Media/Entertainment,4,North America,Private,Growth,Customer Analytics/Personalization,Intermediate,910779.58,0.048626,3,False,False,True,0.56,32.95,34.2,2.692,6171123.76,1201481.99,4.0474,9.1,AI_PROJ_0320,2022-12-26,Completed,1.0,Azure ML + .NET,8,False
COMP_0321,Large,4012,2891095109.41,624647095.58,0.2161,Healthcare,8,Europe,Private,Mature,Natural Language Processing,Intermediate,16086785.16,0.005564,9,True,False,True,0.41,4.04,8.0,0.412,116713806.04,49983723.48,5.1812,3.9,AI_PROJ_0321,2023-04-10,Completed,1.0,Scikit-learn + Python,2,False
COMP_0322,Small,25,4143605.02,494691.87,0.1194,Retail/E-commerce,10,Asia-Pacific,Private,Growth,Predictive Analytics,Basic,58186.96,0.014043,3,False,False,False,0.61,-1.6,-1.57,-0.08,-66234.9,-7773.02,-0.6359,120.0,AI_PROJ_0322,2025-01-21,Deployment,0.91,Custom ML Pipeline,11,False
COMP_0323,Small,6,1496507.75,116030.81,0.0775,Technology,1,Europe,Private,Startup,Other,Basic,56035.83,0.037444,3,True,False,False,0.62,-3.59,-3.48,-0.18,-53799.28,-4040.11,-0.5161,120.0,AI_PROJ_0323,2024-10-03,Deployment,0.82,DataRobot Platform,21,False
COMP_0324,Small,49,4914346.12,273977.6,0.0558,Manufacturing,17,Asia-Pacific,Private,Mature,Process Automation,Basic,90897.3,0.018496,3,False,False,True,0.81,7.61,10.26,0.754,374193.87,28113.74,2.213,38.8,AI_PROJ_0324,2023-09-18,Completed,1.0,PyTorch + Python,4,True
COMP_0325,Medium,154,25526431.31,2400387.01,0.094,Professional Services,4,Europe,Private,Growth,Customer Analytics/Personalization,Basic,60492.58,0.00237,3,True,False,False,0.54,-4.05,-4.86,-0.203,-1034646.84,-116613.92,-9.5157,120.0,AI_PROJ_0325,2025-03-05,Deployment,0.77,Google Cloud AI + Python,10,True
COMP_0326,Small,49,5073025.12,989805.39,0.1951,Energy/Utilities,10,Europe,Public,Growth,Customer Analytics/Personalization,Intermediate,225851.28,0.04452,8,False,False,True,0.58,8.76,12.17,0.473,444232.55,120482.12,1.2502,22.5,AI_PROJ_0326,2023-04-19,Completed,1.0,Custom ML Pipeline,13,True
COMP_0327,Small,8,624111.01,122429.22,0.1962,Technology,19,Europe,Private,Growth,Process Automation,Basic,7550.72,0.012098,3,False,False,True,0.88,8.34,14.02,1.599,52067.5,17168.79,4.5847,5.3,AI_PROJ_0327,2025-06-10,Development,0.58,IBM Watson + Java,4,False
COMP_0328,Small,6,649904.67,69702.29,0.1073,Education,36,Europe,Private,Mature,Process Automation,Intermediate,13383.62,0.020593,6,False,False,True,0.63,18.57,21.53,1.802,120696.74,15006.41,5.0697,10.7,AI_PROJ_0328,2025-03-18,Deployment,0.95,PyTorch + Python,10,False
COMP_0329,Small,39,5574801.7,610068.91,0.1094,Media/Entertainment,26,Europe,Private,Mature,Process Automation,Basic,82129.44,0.014732,3,False,False,False,0.73,1.29,1.43,0.065,72100.89,8742.17,0.4922,112.7,AI_PROJ_0329,2023-06-26,Completed,1.0,Scikit-learn + Python,20,False
COMP_0330,Small,3,614907.44,6149.07,0.01,Manufacturing,20,Asia-Pacific,Private,Growth,Customer Analytics/Personalization,Basic,12080.84,0.019647,3,False,False,True,0.74,8.41,10.57,1.072,51718.59,650.1,2.1674,120.0,AI_PROJ_0330,2025-07-28,Planning,0.23,TensorFlow + Python,2,True
COMP_0331,Medium,50,20552975.4,1142276.98,0.0556,Retail/E-commerce,36,Asia-Pacific,Public,Mature,Fraud Detection/Risk Management,Intermediate,658015.23,0.032016,3,False,False,False,0.61,-0.17,-0.18,-0.008,-34349.94,-2099.4,-0.0277,120.0,AI_PROJ_0331,2025-08-18,Planning,0.17,H2O.ai + R,5,True
COMP_0332,Medium,144,49400298.51,941974.92,0.0191,Technology,55,Europe,Public,Declining,Process Automation,Intermediate,1016246.77,0.020572,4,True,False,True,0.78,2.02,5.64,0.405,998014.54,53092.0,0.5172,120.0,AI_PROJ_0332,2024-05-15,Completed,1.0,Azure ML + .NET,12,False
COMP_0333,Small,7,1978726.5,157036.83,0.0794,Technology,11,Europe,Private,Mature,Natural Language Processing,Basic,62378.28,0.031524,3,False,False,True,0.81,19.45,26.59,3.947,384935.96,41758.1,3.4202,17.9,AI_PROJ_0333,2024-07-13,Completed,1.0,Microsoft Power Platform,4,False
COMP_0334,Medium,72,10446521.39,805733.78,0.0771,Manufacturing,15,North America,Private,Growth,Supply Chain Optimization,Intermediate,195413.12,0.018706,3,True,False,True,0.71,38.53,80.0,3.985,4025137.29,644587.02,11.9483,3.6,AI_PROJ_0334,2024-02-15,Completed,1.0,TensorFlow + Python,8,True
COMP_0335,Medium,50,13598123.56,2020412.8,0.1486,Technology,1,Asia-Pacific,Private,Startup,Computer Vision,Basic,329963.94,0.024265,3,True,True,True,0.61,6.16,17.23,0.946,837332.97,348084.44,1.7963,11.4,AI_PROJ_0335,2022-12-14,Completed,1.0,Scikit-learn + Python,15,False
COMP_0336,Small,49,8596776.98,1374917.9,0.1599,Media/Entertainment,7,Asia-Pacific,Private,Growth,Process Automation,Basic,275065.58,0.031996,8,False,False,True,0.73,47.43,48.45,4.0,4077316.57,666102.22,8.6223,5.0,AI_PROJ_0336,2022-10-29,Completed,1.0,Scikit-learn + Python,2,False
COMP_0337,Small,1,92399.88,14472.87,0.1566,Technology,8,Europe,Private,Mature,Customer Analytics/Personalization,Basic,2906.61,0.031457,3,False,True,False,0.81,-3.18,-3.73,-0.159,-2942.75,-540.08,-0.5991,120.0,AI_PROJ_0337,2025-02-26,Deployment,0.95,Apache Spark + Scala,6,True
COMP_0338,Medium,50,16860286.03,2558246.22,0.1517,Energy/Utilities,19,Europe,Private,Growth,Customer Analytics/Personalization,Intermediate,1024046.55,0.060737,3,True,False,True,0.48,22.52,52.06,2.464,3796574.9,1331850.23,2.504,9.2,AI_PROJ_0338,2025-08-24,Planning,0.19,Apache Spark + Scala,20,False
COMP_0339,Small,49,7879913.11,78799.13,0.01,Retail/E-commerce,1,North America,Private,Startup,Customer Analytics/Personalization,Intermediate,125061.78,0.015871,3,False,False,False,0.68,1.34,1.57,0.067,105911.18,1238.07,0.4284,120.0,AI_PROJ_0339,2024-08-05,Completed,1.0,H2O.ai + R,5,False
COMP_0340,Small,5,828181.57,66646.16,0.0805,Financial Services,39,North America,Public,Declining,Process Automation,Intermediate,31107.79,0.037562,4,False,False,True,0.78,16.64,25.93,1.782,137817.96,17281.31,2.4929,21.6,AI_PROJ_0340,2025-07-31,Planning,0.22,TensorFlow + Python,4,False
COMP_0341,Small,14,3359699.99,590689.62,0.1758,Technology,12,North America,Private,Mature,Customer Analytics/Personalization,Basic,26108.59,0.007771,3,True,True,True,0.81,10.96,27.47,1.259,368299.94,162265.27,10.1607,1.9,AI_PROJ_0341,2024-02-12,Completed,1.0,Google Cloud AI + Python,15,False
COMP_0342,Small,29,4864131.72,348536.75,0.0717,Technology,46,North America,Private,Mature,Customer Analytics/Personalization,Intermediate,77956.6,0.016027,3,False,False,True,0.81,11.74,21.31,1.06,571265.52,74277.56,4.1404,12.6,AI_PROJ_0342,2023-12-29,Completed,1.0,IBM Watson + Java,3,False
COMP_0343,Medium,499,192892367.79,16431624.26,0.0852,Technology,9,North America,Private,Mature,Natural Language Processing,Intermediate,6676808.31,0.034614,3,True,False,True,0.71,7.79,24.96,1.184,15031045.44,4101149.71,1.4327,19.5,AI_PROJ_0343,2023-03-15,Completed,1.0,Microsoft Power Platform,6,False
COMP_0344,Medium,124,29883838.06,5503614.81,0.1842,Healthcare,26,North America,Private,Mature,Process Automation,Intermediate,1035392.22,0.034647,3,True,False,False,0.58,-1.8,-1.91,-0.09,-539339.54,-105089.95,-0.3112,120.0,AI_PROJ_0344,2023-05-06,Completed,1.0,PyTorch + Python,18,False
COMP_0345,Small,25,3837597.5,772597.91,0.2013,Technology,26,Europe,Private,Mature,Predictive Analytics,Intermediate,218466.77,0.056928,4,False,False,True,0.74,25.39,41.95,3.553,974251.73,324125.72,2.9716,8.1,AI_PROJ_0345,2024-06-29,Completed,1.0,Custom ML Pipeline,4,True
COMP_0346,Medium,104,23056964.64,4629214.94,0.2008,Financial Services,4,Europe,Public,Startup,Process Automation,Basic,157840.19,0.006846,3,False,False,True,0.68,2.35,2.27,0.269,542493.53,104945.76,2.0509,18.0,AI_PROJ_0346,2023-08-13,Completed,1.0,TensorFlow + Python,11,False
COMP_0347,Small,46,4184543.0,569251.16,0.136,Media/Entertainment,8,North America,Private,Growth,Customer Analytics/Personalization,Intermediate,49939.71,0.011934,3,True,False,True,0.66,15.58,29.47,1.08,652015.76,167775.79,8.2078,3.6,AI_PROJ_0347,2024-12-13,Deployment,0.89,Scikit-learn + Python,15,False
COMP_0348,Medium,50,24310716.37,3006251.73,0.1237,Professional Services,15,North America,Private,Mature,Process Automation,Intermediate,1068301.74,0.043944,3,False,False,True,0.61,23.96,27.59,2.724,5824799.14,829310.54,3.1143,15.5,AI_PROJ_0348,2023-02-24,Completed,1.0,AWS SageMaker + Python,2,False
COMP_0349,Small,5,512905.63,32875.25,0.0641,Manufacturing,14,Europe,Private,Mature,Customer Analytics/Personalization,Basic,8869.03,0.017292,3,False,False,False,0.74,-4.06,-4.8,-0.203,-20809.19,-1578.27,-1.2621,120.0,AI_PROJ_0349,2024-07-07,Completed,1.0,Scikit-learn + Python,9,True
COMP_0350,Medium,75,25322566.68,5065472.24,0.2,Education,28,North America,Private,Declining,Fraud Detection/Risk Management,Intermediate,725514.71,0.028651,3,False,False,True,0.49,32.93,39.69,2.818,8338885.14,2010731.93,7.1326,4.3,AI_PROJ_0350,2023-09-28,Completed,1.0,IBM Watson + Java,16,False
COMP_0351,Medium,499,193631888.43,43849164.44,0.2265,Technology,3,Europe,Public,Startup,Process Automation,Intermediate,7495194.32,0.038708,3,False,False,False,0.78,-3.92,-3.41,-0.196,-7597720.41,-1495358.85,-0.6066,120.0,AI_PROJ_0351,2025-06-09,Development,0.38,DataRobot Platform,5,False
COMP_0352,Large,2959,1332235261.43,142628896.9,0.1071,Manufacturing,12,Europe,Private,Growth,Customer Analytics/Personalization,Intermediate,25856716.19,0.019409,3,True,False,False,0.54,1.78,2.13,0.089,23733099.52,3041503.03,0.5177,102.0,AI_PROJ_0352,2023-05-12,Completed,1.0,Apache Spark + Scala,5,False
COMP_0353,Small,12,940629.69,130120.75,0.1383,Manufacturing,4,Europe,Private,Growth,Natural Language Processing,Intermediate,8000.08,0.008505,3,False,True,True,0.74,1.53,2.07,0.126,14377.66,2691.66,1.0668,35.7,AI_PROJ_0353,2024-10-30,Deployment,0.75,H2O.ai + R,13,False
COMP_0354,Large,2516,1382489725.01,78240893.17,0.0566,Healthcare,1,Asia-Pacific,Private,Growth,Process Automation,Intermediate,44470013.11,0.032167,4,False,False,False,0.48,0.01,0.01,0.001,161901.19,9302.23,0.0019,120.0,AI_PROJ_0354,2023-01-24,Completed,1.0,DataRobot Platform,3,False
COMP_0355,Small,4,518132.72,51820.13,0.1,Technology,3,Europe,Public,Startup,Customer Analytics/Personalization,Intermediate,16352.76,0.031561,3,True,False,True,0.81,50.0,80.0,4.0,259066.36,41456.1,9.1887,4.7,AI_PROJ_0355,2022-12-13,Completed,1.0,AWS SageMaker + Python,4,True
COMP_0356,Small,49,9520702.68,244304.6,0.0257,Transportation/Logistics,1,North America,Private,Startup,Predictive Analytics,Intermediate,251307.31,0.026396,3,True,False,True,0.64,18.92,41.82,1.486,1801260.3,102160.67,3.787,29.5,AI_PROJ_0356,2025-03-25,Deployment,0.76,IBM Watson + Java,23,False
COMP_0357,Small,5,732317.82,72880.31,0.0995,Technology,23,North America,Public,Mature,Fraud Detection/Risk Management,Basic,3059.85,0.004178,3,False,True,True,0.84,-0.28,-0.41,-0.034,-2024.58,-297.86,-0.3795,120.0,AI_PROJ_0357,2024-07-16,Completed,1.0,Custom ML Pipeline,2,False
COMP_0358,Small,5,702825.74,146639.75,0.2086,Government,5,North America,Private,Startup,Process Automation,Basic,8322.8,0.011842,13,False,True,False,0.73,-0.95,-0.77,-0.048,-6677.91,-1128.93,-0.469,120.0,AI_PROJ_0358,2025-06-28,Planning,0.09,Scikit-learn + Python,8,False
COMP_0359,Small,5,1386374.97,351284.34,0.2534,Technology,23,North America,Private,Mature,Customer Analytics/Personalization,Basic,25713.6,0.018547,3,True,False,True,0.81,9.53,25.0,1.45,132121.39,87831.14,4.277,3.5,AI_PROJ_0359,2023-10-22,Completed,1.0,DataRobot Platform,24,True
COMP_0360,Medium,66,27799781.12,1636672.17,0.0589,Healthcare,3,Europe,Private,Startup,Computer Vision,Intermediate,477830.39,0.017188,3,False,False,False,0.41,0.53,0.6,0.026,146044.52,9777.1,0.1631,120.0,AI_PROJ_0360,2023-04-23,Completed,1.0,Microsoft Power Platform,2,True
COMP_0361,Small,6,1819502.8,150582.32,0.0828,Technology,16,Europe,Private,Growth,Predictive Analytics,Basic,28453.73,0.015638,3,False,False,True,0.74,10.07,15.31,2.133,183180.46,23052.75,3.624,14.8,AI_PROJ_0361,2022-10-07,Completed,1.0,PyTorch + Python,10,True
COMP_0362,Medium,52,31156290.98,6285855.29,0.2018,Technology,12,Asia-Pacific,Public,Growth,Customer Analytics/Personalization,Basic,254704.09,0.008175,3,True,False,True,0.71,4.38,9.13,0.868,1365783.06,573658.35,3.8072,5.3,AI_PROJ_0362,2023-01-14,Completed,1.0,Google Cloud AI + Python,17,False
COMP_0363,Medium,158,57475576.65,2186441.32,0.038,Retail/E-commerce,34,Asia-Pacific,Private,Mature,Customer Analytics/Personalization,Intermediate,1303876.87,0.022686,4,True,False,False,0.58,1.41,1.17,0.071,810967.74,25546.9,0.3208,120.0,AI_PROJ_0363,2025-08-18,Planning,0.22,AWS SageMaker + Python,2,False
COMP_0364,Small,21,2641522.52,256251.85,0.097,Education,12,Europe,Private,Growth,Fraud Detection/Risk Management,Basic,45868.22,0.017364,5,False,False,False,0.59,-1.82,-2.15,-0.091,-47995.71,-5499.72,-0.5831,120.0,AI_PROJ_0364,2022-12-09,Completed,1.0,AWS SageMaker + Python,7,True
COMP_0365,Medium,105,64503619.45,9446233.3,0.1464,Technology,1,Europe,Private,Startup,Process Automation,Basic,466942.01,0.007239,3,True,False,False,0.78,-1.08,-1.19,-0.054,-694791.52,-112849.3,-0.8648,120.0,AI_PROJ_0365,2024-12-05,Deployment,0.89,TensorFlow + Python,12,False
COMP_0366,Large,739,749689388.88,129097463.9,0.1722,Financial Services,2,Europe,Public,Startup,Process Automation,Intermediate,15971686.35,0.021304,3,True,False,True,0.58,0.81,1.53,0.057,6087429.93,1980270.03,0.2526,96.8,AI_PROJ_0366,2022-12-13,Completed,1.0,Microsoft Power Platform,4,True
COMP_0367,Small,32,4830482.7,357654.44,0.074,Manufacturing,35,Europe,Private,Mature,Customer Analytics/Personalization,Basic,86981.45,0.018007,3,False,False,True,0.74,6.35,7.8,0.443,306941.55,27889.56,1.9247,37.4,AI_PROJ_0367,2023-03-19,Completed,1.0,Custom ML Pipeline,4,True
COMP_0368,Small,9,1913199.78,92124.34,0.0482,Manufacturing,11,Asia-Pacific,Private,Mature,Predictive Analytics,Basic,35148.53,0.018372,3,False,False,False,0.67,-2.52,-2.92,-0.126,-48223.36,-2693.56,-0.7243,120.0,AI_PROJ_0368,2023-05-25,Completed,1.0,Custom ML Pipeline,13,False
COMP_0369,Small,15,1019789.44,126888.58,0.1244,Media/Entertainment,9,North America,Public,Mature,Customer Analytics/Personalization,Basic,8598.86,0.008432,4,False,False,False,0.66,-0.73,-0.6,-0.036,-7427.61,-762.15,-0.4762,120.0,AI_PROJ_0369,2024-06-10,Completed,1.0,TensorFlow + Python,5,True
COMP_0370,Small,48,6329726.87,706245.99,0.1116,Manufacturing,4,North America,Private,Startup,Predictive Analytics,Basic,179775.41,0.028402,3,False,False,True,0.67,11.11,13.87,1.212,703270.76,97976.06,2.2285,22.0,AI_PROJ_0370,2023-10-06,Completed,1.0,DataRobot Platform,10,False
COMP_0371,Medium,130,77653679.22,13499716.95,0.1738,Media/Entertainment,1,North America,Private,Startup,Process Automation,Intermediate,1329374.98,0.017119,3,False,False,True,0.63,10.92,8.86,1.29,8477502.0,1196683.9,3.6386,13.3,AI_PROJ_0371,2024-01-01,Completed,1.0,TensorFlow + Python,8,True
COMP_0372,Medium,60,27921652.59,4015882.45,0.1438,Technology,31,Europe,Private,Mature,Customer Analytics/Personalization,Intermediate,875815.63,0.031367,6,False,False,False,0.71,-4.8,-4.56,-0.24,-1340516.57,-183303.68,-0.8699,120.0,AI_PROJ_0372,2023-07-27,Completed,1.0,DataRobot Platform,2,True
COMP_0373,Medium,81,19570491.19,1669797.33,0.0853,Manufacturing,13,North America,Private,Mature,Natural Language Processing,Advanced,404370.4,0.020662,9,False,True,True,0.64,17.02,21.9,1.082,3331421.67,365635.75,4.5714,13.3,AI_PROJ_0373,2024-06-29,Completed,1.0,AWS SageMaker + Python,5,True
COMP_0374,Medium,116,75025653.07,8208274.61,0.1094,Technology,3,Asia-Pacific,Private,Startup,Customer Analytics/Personalization,Intermediate,2207707.07,0.029426,6,True,True,True,0.71,50.0,80.0,4.0,37512826.53,6566619.69,9.9831,4.0,AI_PROJ_0374,2024-10-22,Deployment,0.81,Google Cloud AI + Python,24,False
COMP_0375,Medium,50,10323011.68,1515232.27,0.1468,Professional Services,4,Europe,Public,Startup,Customer Analytics/Personalization,Basic,340042.6,0.03294,7,False,False,True,0.54,26.22,33.96,2.415,2706206.08,514586.92,4.7359,7.9,AI_PROJ_0375,2023-10-19,Completed,1.0,TensorFlow + Python,3,True
COMP_0376,Small,49,5338628.96,980998.15,0.1838,Technology,20,Europe,Private,Growth,Natural Language Processing,Basic,107577.43,0.020151,3,False,False,True,0.81,4.32,6.58,0.453,230797.81,64548.4,1.3727,20.0,AI_PROJ_0376,2023-01-14,Completed,1.0,TensorFlow + Python,5,False
COMP_0377,Medium,79,57688988.37,576889.88,0.01,Technology,7,North America,Private,Mature,Predictive Analytics,Basic,619730.24,0.010743,3,False,False,True,0.64,3.33,4.39,0.519,1922130.21,25306.79,1.5712,120.0,AI_PROJ_0377,2022-12-20,Completed,1.0,Custom ML Pipeline,11,True
COMP_0378,Medium,55,23183597.75,2216075.43,0.0956,Retail/E-commerce,5,North America,Private,Startup,Customer Analytics/Personalization,Basic,353979.03,0.015269,3,True,False,False,0.58,2.1,2.03,0.105,485755.21,45062.3,0.7498,94.3,AI_PROJ_0378,2025-07-20,Planning,0.07,Scikit-learn + Python,4,True
COMP_0379,Large,2546,1746648575.89,462495904.03,0.2648,Professional Services,7,Asia-Pacific,Private,Growth,Customer Analytics/Personalization,Advanced,90435554.77,0.051777,5,True,False,False,0.44,0.47,0.42,0.023,8151438.61,1953338.81,0.0559,120.0,AI_PROJ_0379,2023-11-19,Completed,1.0,Apache Spark + Scala,5,False
COMP_0380,Small,14,2601939.12,661150.06,0.2541,Technology,22,Europe,Private,Mature,Process Automation,Intermediate,48630.15,0.01869,3,False,False,True,0.88,7.48,10.73,1.579,194754.12,70909.71,2.7315,8.2,AI_PROJ_0380,2025-03-18,Deployment,0.73,Scikit-learn + Python,8,False
COMP_0381,Small,42,3946876.26,604300.55,0.1531,Financial Services,10,Europe,Private,Growth,Fraud Detection/Risk Management,Basic,111172.11,0.028167,3,False,False,True,0.74,50.0,64.86,4.0,1973438.13,391921.5,10.6383,3.4,AI_PROJ_0381,2024-06-25,Completed,1.0,DataRobot Platform,5,False
COMP_0382,Medium,210,64174502.69,6247641.57,0.0974,Education,18,Asia-Pacific,Private,Mature,Customer Analytics/Personalization,Basic,1497688.9,0.023338,4,False,False,False,0.46,1.89,2.13,0.094,1211257.71,133092.25,0.4488,120.0,AI_PROJ_0382,2025-06-15,Development,0.39,Google Cloud AI + Python,4,True
COMP_0383,Small,8,722899.01,24052.09,0.0333,Manufacturing,24,Europe,Private,Mature,Process Automation,Basic,4361.41,0.006033,6,True,False,False,0.81,-0.8,-0.8,-0.04,-5751.4,-193.53,-0.6815,120.0,AI_PROJ_0383,2023-05-28,Completed,1.0,Scikit-learn + Python,15,False
COMP_0384,Medium,50,24985266.09,5524605.93,0.2211,Technology,38,North America,Private,Mature,Natural Language Processing,Intermediate,354420.86,0.014185,3,True,False,False,0.71,-2.54,-2.44,-0.127,-635624.8,-134834.54,-1.0869,120.0,AI_PROJ_0384,2022-12-08,Completed,1.0,H2O.ai + R,5,False
COMP_0385,Small,21,2271478.38,360521.23,0.1587,Manufacturing,9,Europe,Private,Growth,Process Automation,Intermediate,109971.03,0.048414,3,False,True,True,0.81,50.0,80.0,4.0,1135739.19,288416.98,6.4751,4.6,AI_PROJ_0385,2025-05-04,Development,0.62,Custom ML Pipeline,6,False
COMP_0386,Small,23,2237119.19,288768.72,0.1291,Other,29,Other,Private,Mature,Natural Language Processing,Intermediate,12907.67,0.00577,3,True,False,True,0.66,3.32,6.29,0.274,74217.35,18160.14,3.5784,8.5,AI_PROJ_0386,2024-01-03,Completed,1.0,PyTorch + Python,9,True
COMP_0387,Small,5,553481.35,64210.7,0.116,Professional Services,4,Europe,Private,Growth,Process Automation,Intermediate,3146.47,0.005685,3,True,False,False,0.71,2.97,2.83,0.149,16459.82,1814.25,2.9039,20.8,AI_PROJ_0387,2024-11-09,Deployment,0.91,TensorFlow + Python,5,False
COMP_0388,Small,7,1362682.7,61061.41,0.0448,Technology,5,North America,Public,Startup,Predictive Analytics,Basic,4221.2,0.003098,3,False,False,True,0.74,0.47,0.77,0.081,6340.52,470.07,0.8067,107.8,AI_PROJ_0388,2023-07-22,Completed,1.0,Apache Spark + Scala,7,False
COMP_0389,Small,27,4023582.47,804916.16,0.2,Other,1,North America,Private,Startup,Natural Language Processing,Basic,128923.91,0.032042,3,False,True,True,0.66,31.76,35.96,1.923,1277983.08,289444.47,6.0789,5.3,AI_PROJ_0389,2024-04-05,Completed,1.0,TensorFlow + Python,18,True
COMP_0390,Small,1,139132.77,7735.62,0.0556,Technology,5,North America,Private,Growth,Predictive Analytics,Intermediate,6750.03,0.048515,5,False,False,True,0.74,50.0,80.0,4.0,69566.38,6188.5,5.6114,13.1,AI_PROJ_0390,2023-03-17,Completed,1.0,AWS SageMaker + Python,2,True
COMP_0391,Small,10,2860294.92,317883.89,0.1111,Financial Services,1,Europe,Private,Startup,Customer Analytics/Personalization,Basic,79167.11,0.027678,3,False,False,True,0.71,40.38,42.54,2.452,1155111.33,135214.68,8.1494,7.0,AI_PROJ_0391,2025-06-29,Planning,0.21,Custom ML Pipeline,5,False
COMP_0392,Small,9,1936677.51,341764.24,0.1765,Technology,1,North America,Private,Startup,Other,Basic,41055.84,0.021199,3,False,False,False,0.62,-4.88,-5.48,-0.244,-94536.18,-18745.41,-1.3796,120.0,AI_PROJ_0392,2025-07-25,Planning,0.25,Apache Spark + Scala,11,False
COMP_0393,Medium,104,42961620.41,3109775.88,0.0724,Professional Services,9,Europe,Private,Growth,Process Automation,Intermediate,2891806.63,0.067311,3,False,False,True,0.61,12.42,10.9,1.351,5334209.17,338953.9,0.9809,102.4,AI_PROJ_0393,2025-04-17,Development,0.47,Apache Spark + Scala,5,False
COMP_0394,Medium,50,16118531.14,987597.34,0.0613,Retail/E-commerce,7,Other,Public,Mature,Customer Analytics/Personalization,Basic,51798.33,0.003214,3,False,False,False,0.58,-2.46,-2.14,-0.123,-395728.32,-21112.05,-4.0237,120.0,AI_PROJ_0394,2025-01-16,Deployment,0.77,Custom ML Pipeline,10,True
COMP_0395,Small,1,128853.85,8705.5,0.0676,Retail/E-commerce,2,North America,Private,Growth,Customer Analytics/Personalization,Intermediate,3086.32,0.023952,3,False,False,True,0.68,3.14,2.85,0.36,4041.34,247.81,0.6949,120.0,AI_PROJ_0395,2024-03-29,Completed,1.0,AWS SageMaker + Python,12,True
COMP_0396,Medium,63,18088417.3,2522746.45,0.1395,Technology,34,Asia-Pacific,Private,Mature,Predictive Analytics,Basic,287700.5,0.015905,3,False,False,False,0.64,-3.79,-3.19,-0.189,-685390.46,-80421.28,-1.3309,120.0,AI_PROJ_0396,2024-01-31,Completed,1.0,Microsoft Power Platform,4,True
COMP_0397,Small,7,616195.8,105867.86,0.1718,Government,1,North America,Private,Startup,Fraud Detection/Risk Management,Intermediate,23631.88,0.038351,9,False,False,True,0.54,10.28,9.93,0.797,63325.03,10511.05,1.5622,27.0,AI_PROJ_0397,2023-03-25,Completed,1.0,Microsoft Power Platform,6,False
COMP_0398,Medium,84,27246654.29,1719109.81,0.0631,Retail/E-commerce,1,Other,Private,Startup,Process Automation,Intermediate,889178.01,0.032634,4,True,False,True,0.65,44.39,80.0,4.0,12095371.52,1375287.85,7.5748,7.8,AI_PROJ_0398,2023-01-27,Completed,1.0,Apache Spark + Scala,8,True
COMP_0399,Small,13,940048.31,147336.18,0.1567,Manufacturing,2,North America,Private,Startup,Predictive Analytics,Intermediate,55485.92,0.059025,3,True,False,True,0.67,50.0,80.0,4.0,470024.16,117868.94,5.2977,5.6,AI_PROJ_0399,2024-04-04,Completed,1.0,Microsoft Power Platform,4,True
COMP_0400,Small,33,5853685.12,168709.23,0.0288,Retail/E-commerce,20,Asia-Pacific,Private,Growth,Computer Vision,Basic,30043.94,0.005132,3,False,False,False,0.58,1.19,1.39,0.059,69436.99,2347.39,1.1947,120.0,AI_PROJ_0400,2024-12-06,Deployment,0.92,PyTorch + Python,8,True
COMP_0401,Medium,232,73468265.35,7452311.51,0.1014,Transportation/Logistics,2,North America,Private,Startup,Predictive Analytics,Basic,502361.32,0.006838,3,False,False,False,0.54,-3.33,-3.26,-0.166,-2444525.21,-243316.2,-2.6752,120.0,AI_PROJ_0401,2023-07-26,Completed,1.0,TensorFlow + Python,15,True
COMP_0402,Small,6,1317252.82,13172.53,0.01,Technology,5,North America,Private,Startup,Process Automation,Intermediate,31885.17,0.024206,3,False,False,True,0.88,10.5,12.63,2.251,138362.22,1663.99,2.1958,120.0,AI_PROJ_0402,2024-05-09,Completed,1.0,Apache Spark + Scala,2,False
COMP_0403,Small,49,8737272.73,730328.32,0.0836,Manufacturing,13,North America,Private,Mature,Predictive Analytics,Intermediate,144914.66,0.016586,4,False,False,True,0.67,7.75,11.01,0.677,677516.62,80387.33,2.615,21.6,AI_PROJ_0403,2024-02-11,Completed,1.0,Custom ML Pipeline,10,False
COMP_0404,Small,3,200570.62,17114.29,0.0853,Healthcare,7,Europe,Private,Growth,Computer Vision,Basic,405.72,0.002023,11,False,True,False,0.51,0.39,0.33,0.02,786.61,57.28,1.04,85.0,AI_PROJ_0404,2023-02-13,Completed,1.0,DataRobot Platform,13,True
COMP_0405,Medium,279,174599325.77,36442161.57,0.2087,Technology,3,North America,Private,Startup,Supply Chain Optimization,Basic,1085396.16,0.006216,3,False,False,True,0.78,9.77,18.47,0.761,17052479.26,6729278.36,10.9553,1.9,AI_PROJ_0405,2025-06-16,Development,0.52,Apache Spark + Scala,5,False
COMP_0406,Small,8,635129.66,6351.3,0.01,Other,5,Asia-Pacific,Private,Startup,Other,Basic,5307.31,0.008356,3,False,False,True,0.47,7.01,6.64,0.564,44530.35,421.84,4.2349,120.0,AI_PROJ_0406,2025-07-16,Planning,0.13,Google Cloud AI + Python,8,True
COMP_0407,Medium,108,50790433.47,5578121.33,0.1098,Transportation/Logistics,9,North America,Private,Growth,Predictive Analytics,Intermediate,307434.39,0.006053,4,False,False,True,0.54,3.02,4.66,0.236,1532504.13,259833.95,2.915,14.2,AI_PROJ_0407,2022-12-17,Completed,1.0,Azure ML + .NET,8,False
COMP_0408,Small,25,2456977.2,154812.34,0.063,Media/Entertainment,1,North America,Private,Growth,Customer Analytics/Personalization,Basic,43360.86,0.017648,3,False,True,True,0.66,16.46,16.28,1.338,404361.95,25201.62,4.9534,20.6,AI_PROJ_0408,2023-07-15,Completed,1.0,Azure ML + .NET,2,False
COMP_0409,Small,8,1404564.31,145456.08,0.1036,Government,17,Europe,Private,Mature,Predictive Analytics,Basic,18444.05,0.013132,7,True,False,False,0.44,-0.74,-0.78,-0.037,-10351.79,-1131.04,-0.3113,120.0,AI_PROJ_0409,2024-10-15,Deployment,0.77,AWS SageMaker + Python,10,True
COMP_0410,Small,1,326435.38,53673.94,0.1644,Technology,15,Asia-Pacific,Private,Mature,Natural Language Processing,Basic,5281.51,0.016179,3,False,False,True,0.81,2.02,3.81,0.286,6592.36,2044.66,0.8177,31.0,AI_PROJ_0410,2024-12-27,Deployment,0.78,Google Cloud AI + Python,9,True
COMP_0411,Small,19,3266373.87,867835.98,0.2657,Technology,12,Asia-Pacific,Private,Growth,Customer Analytics/Personalization,Basic,20849.48,0.006383,4,False,False,True,0.81,20.49,30.65,3.23,669247.85,265997.48,22.4285,0.9,AI_PROJ_0411,2022-11-05,Completed,1.0,Azure ML + .NET,4,False
COMP_0412,Medium,147,54923688.89,1149862.67,0.0209,Professional Services,6,Europe,Private,Growth,Process Automation,Basic,692609.97,0.01261,3,True,False,False,0.61,-2.31,-1.97,-0.116,-1270214.24,-22702.11,-0.9334,120.0,AI_PROJ_0412,2024-02-06,Completed,1.0,AWS SageMaker + Python,5,True
COMP_0413,Medium,144,48951127.03,489511.27,0.01,Energy/Utilities,5,North America,Private,Growth,Process Automation,Intermediate,1710053.71,0.034934,3,True,False,False,0.55,-1.28,-1.49,-0.064,-628458.59,-7280.64,-0.1859,120.0,AI_PROJ_0413,2023-12-23,Completed,1.0,PyTorch + Python,19,True
COMP_0414,Small,30,2060880.01,388507.62,0.1885,Manufacturing,15,North America,Private,Growth,Natural Language Processing,Intermediate,18773.62,0.00911,3,False,False,False,0.74,-2.68,-2.86,-0.134,-55329.66,-11108.18,-1.7694,120.0,AI_PROJ_0414,2025-07-31,Planning,0.16,Apache Spark + Scala,2,False
COMP_0415,Medium,87,33063561.08,2273997.63,0.0688,Manufacturing,17,Asia-Pacific,Private,Mature,Predictive Analytics,Advanced,1542399.1,0.04665,11,False,False,False,0.57,-2.89,-2.55,-0.145,-956005.23,-58084.93,-0.3287,120.0,AI_PROJ_0415,2023-12-03,Completed,1.0,Azure ML + .NET,11,False
COMP_0416,Small,24,2397202.93,399182.05,0.1665,Healthcare,14,Europe,Private,Growth,Predictive Analytics,Intermediate,57442.94,0.023962,13,False,False,True,0.69,13.45,22.47,1.429,322321.35,89692.31,3.5863,7.7,AI_PROJ_0416,2022-11-18,Completed,1.0,Google Cloud AI + Python,14,False
COMP_0417,Medium,204,88869286.77,3162924.27,0.0356,Retail/E-commerce,8,North America,Private,Growth,Process Automation,Advanced,1310929.41,0.014751,6,True,False,True,0.65,10.12,15.84,0.723,8990556.41,500951.74,3.6201,31.4,AI_PROJ_0417,2024-04-21,Completed,1.0,IBM Watson + Java,4,True
COMP_0418,Small,3,335029.73,94271.26,0.2814,Financial Services,1,Europe,Private,Startup,Predictive Analytics,Basic,1781.04,0.005316,3,True,False,True,0.64,18.76,35.83,2.654,62849.64,33779.43,27.1271,0.6,AI_PROJ_0418,2025-03-16,Deployment,0.89,H2O.ai + R,10,True
COMP_0419,Small,4,456655.34,98304.41,0.2153,Education,17,North America,Private,Mature,Natural Language Processing,Basic,2755.8,0.006035,3,False,False,True,0.56,4.13,5.02,0.3,18845.67,4932.91,4.3143,6.7,AI_PROJ_0419,2024-01-28,Completed,1.0,Scikit-learn + Python,22,True
COMP_0420,Medium,103,16775817.74,508347.11,0.0303,Manufacturing,1,Europe,Private,Startup,Fraud Detection/Risk Management,Intermediate,772585.84,0.046054,4,True,False,True,0.67,19.88,39.9,1.282,3334419.9,202851.86,2.2892,45.7,AI_PROJ_0420,2024-04-09,Completed,1.0,Google Cloud AI + Python,4,True
COMP_0421,Small,5,1040501.67,161168.53,0.1549,Technology,6,Europe,Private,Growth,Computer Vision,Basic,22212.58,0.021348,3,False,False,True,0.71,1.45,2.0,0.308,15082.63,3223.7,0.4121,82.7,AI_PROJ_0421,2025-04-19,Development,0.39,PyTorch + Python,6,False
COMP_0422,Medium,291,113268676.06,35160376.18,0.3104,Technology,8,North America,Public,Mature,Computer Vision,Intermediate,1403122.43,0.012388,3,True,False,True,0.61,14.12,42.61,1.994,15990868.83,14980724.8,11.0367,1.1,AI_PROJ_0422,2023-09-15,Completed,1.0,AWS SageMaker + Python,10,True
COMP_0423,Small,10,1966478.9,462664.2,0.2353,Healthcare,2,Europe,Public,Startup,Predictive Analytics,Basic,21833.74,0.011103,3,True,False,False,0.54,1.84,2.2,0.092,36111.87,10192.12,1.0604,25.7,AI_PROJ_0423,2022-11-24,Completed,1.0,Custom ML Pipeline,3,True
COMP_0424,Small,3,375638.93,50976.28,0.1357,Technology,7,North America,Private,Mature,Process Automation,Intermediate,4516.92,0.012025,5,False,False,True,0.88,1.92,2.85,0.381,7222.62,1450.67,0.9601,37.4,AI_PROJ_0424,2024-12-10,Deployment,0.79,Scikit-learn + Python,10,False
COMP_0425,Small,13,3072908.83,386411.69,0.1257,Technology,40,Other,Private,Mature,Natural Language Processing,Intermediate,56960.89,0.018536,5,False,False,False,0.81,-2.63,-2.63,-0.132,-80855.7,-10173.85,-0.7991,120.0,AI_PROJ_0425,2024-08-25,Completed,1.0,IBM Watson + Java,22,False
COMP_0426,Small,37,4832828.64,401629.38,0.0831,Technology,46,Asia-Pacific,Private,Mature,Customer Analytics/Personalization,Basic,150458.44,0.031133,3,False,False,True,0.81,36.15,68.53,4.0,1747051.53,275253.09,6.7205,6.6,AI_PROJ_0426,2023-05-19,Completed,1.0,Custom ML Pipeline,4,False
COMP_0427,Small,38,7796206.32,77962.06,0.01,Manufacturing,15,Europe,Public,Growth,Process Automation,Intermediate,338950.82,0.043476,3,False,False,True,0.81,20.66,29.8,2.192,1610762.84,23235.59,2.4104,120.0,AI_PROJ_0427,2024-05-23,Completed,1.0,IBM Watson + Java,4,False
COMP_0428,Small,5,687042.28,20295.35,0.0295,Financial Services,32,North America,Private,Mature,Customer Analytics/Personalization,Intermediate,10409.31,0.015151,6,False,False,True,0.71,5.18,5.05,0.388,35616.41,1025.46,1.7601,120.0,AI_PROJ_0428,2023-06-20,Completed,1.0,PyTorch + Python,15,False
COMP_0429,Small,14,2632810.23,959837.27,0.3646,Financial Services,5,Asia-Pacific,Private,Growth,Predictive Analytics,Basic,81243.81,0.030858,4,False,False,True,0.64,25.07,24.45,2.307,660118.28,234705.29,5.507,4.2,AI_PROJ_0429,2024-11-24,Deployment,0.94,Scikit-learn + Python,4,True
COMP_0430,Small,47,9354711.67,372728.27,0.0398,Media/Entertainment,14,North America,Private,Growth,Customer Analytics/Personalization,Intermediate,264680.53,0.028294,3,False,False,False,0.66,2.29,2.0,0.115,214628.47,7439.37,0.4195,120.0,AI_PROJ_0430,2024-05-17,Completed,1.0,Scikit-learn + Python,5,False
COMP_0431,Small,6,677964.69,103381.41,0.1525,Education,2,North America,Private,Startup,Customer Analytics/Personalization,Basic,7403.08,0.01092,3,False,False,True,0.56,11.39,14.71,0.52,77220.91,15207.48,6.2426,5.8,AI_PROJ_0431,2024-04-04,Completed,1.0,PyTorch + Python,9,False
COMP_0432,Medium,95,17206237.13,2305676.47,0.134,Government,9,Europe,Private,Growth,Predictive Analytics,Intermediate,279110.96,0.016221,4,True,False,False,0.34,0.7,0.74,0.035,120550.95,17026.12,0.2465,120.0,AI_PROJ_0432,2023-12-21,Completed,1.0,Azure ML + .NET,4,False
COMP_0433,Small,14,2337200.92,65444.44,0.028,Technology,11,North America,Private,Mature,Process Automation,Basic,5407.29,0.002314,3,True,False,True,0.88,0.35,0.87,0.058,8163.13,571.23,0.8076,113.6,AI_PROJ_0433,2024-01-24,Completed,1.0,Scikit-learn + Python,10,True
COMP_0434,Medium,50,30895592.35,4988787.82,0.1615,Technology,7,North America,Private,Mature,Natural Language Processing,Intermediate,399983.56,0.012946,3,False,False,True,0.71,6.49,8.53,0.992,2005162.22,425494.78,3.0384,11.3,AI_PROJ_0434,2022-10-24,Completed,1.0,PyTorch + Python,18,False
COMP_0435,Medium,57,16401412.15,3028979.99,0.1847,Media/Entertainment,14,Europe,Public,Growth,Computer Vision,Intermediate,743334.81,0.045321,3,False,False,True,0.46,12.05,15.69,0.818,1975898.1,475365.33,1.6488,18.8,AI_PROJ_0435,2024-11-06,Deployment,0.79,TensorFlow + Python,5,False
COMP_0436,Medium,178,78121608.9,6293767.52,0.0806,Retail/E-commerce,29,Europe,Private,Mature,Fraud Detection/Risk Management,Intermediate,2795348.46,0.035782,3,False,False,True,0.61,32.24,35.81,3.764,25190267.15,2253964.06,4.9089,14.9,AI_PROJ_0436,2024-07-26,Completed,1.0,PyTorch + Python,10,False
COMP_0437,Medium,128,57207018.02,5372002.32,0.0939,Technology,4,North America,Private,Growth,Customer Analytics/Personalization,Basic,240217.62,0.004199,3,False,False,False,0.71,2.58,2.2,0.129,1477070.25,118105.78,3.3203,24.4,AI_PROJ_0437,2024-12-05,Deployment,0.8,Azure ML + .NET,15,True
COMP_0438,Small,32,7035728.29,432655.09,0.0615,Technology,8,Europe,Public,Growth,Customer Analytics/Personalization,Basic,64898.84,0.009224,4,False,True,True,0.81,12.45,21.55,1.693,875811.91,93251.63,7.466,8.4,AI_PROJ_0438,2023-08-13,Completed,1.0,Azure ML + .NET,5,False
COMP_0439,Small,27,5267830.41,895830.29,0.1701,Financial Services,12,Europe,Private,Mature,Process Automation,Intermediate,21367.53,0.004056,9,True,True,True,0.78,-0.75,-1.55,-0.104,-39755.64,-13902.95,-1.2556,120.0,AI_PROJ_0439,2022-11-13,Completed,1.0,Custom ML Pipeline,4,False
COMP_0440,Large,2496,1633999484.34,391776911.85,0.2398,Financial Services,4,Europe,Public,Startup,Process Automation,Advanced,34987232.39,0.021412,3,False,False,True,0.58,3.71,5.04,0.394,60683882.02,19758216.54,1.1496,21.2,AI_PROJ_0440,2023-04-20,Completed,1.0,Apache Spark + Scala,24,True
COMP_0441,Medium,50,40143187.53,1286852.32,0.0321,Technology,5,North America,Private,Startup,Predictive Analytics,Basic,608984.86,0.01517,3,False,False,True,0.64,23.56,29.11,2.241,9456402.45,374653.46,8.0717,19.5,AI_PROJ_0441,2024-09-30,Deployment,0.81,Microsoft Power Platform,2,True
COMP_0442,Medium,152,68355300.26,4300178.11,0.0629,Technology,1,North America,Private,Growth,Process Automation,Advanced,3095015.57,0.045278,5,True,True,True,0.78,42.32,80.0,4.0,28926410.18,3440142.49,5.2288,10.8,AI_PROJ_0442,2024-12-24,Deployment,0.83,Google Cloud AI + Python,5,False
COMP_0443,Small,40,7195433.87,546003.98,0.0759,Financial Services,22,North America,Private,Mature,Predictive Analytics,Basic,47026.28,0.006536,3,False,False,True,0.64,6.77,8.0,0.385,487060.33,43688.2,5.6431,12.9,AI_PROJ_0443,2023-11-17,Completed,1.0,DataRobot Platform,14,False
COMP_0444,Small,7,1355432.33,205151.67,0.1514,Media/Entertainment,2,North America,Private,Startup,Process Automation,Intermediate,56336.25,0.041563,3,False,False,True,0.73,8.2,8.6,0.449,111209.99,17649.84,1.1437,38.3,AI_PROJ_0444,2024-03-26,Completed,1.0,PyTorch + Python,4,False
COMP_0445,Small,3,346054.88,57252.22,0.1654,Technology,10,Asia-Pacific,Private,Mature,Predictive Analytics,Intermediate,8887.7,0.025683,3,False,False,False,0.74,0.5,0.46,0.025,1724.09,264.75,0.1119,120.0,AI_PROJ_0445,2025-07-21,Planning,0.24,AWS SageMaker + Python,8,True
COMP_0446,Small,49,10237658.46,2383059.4,0.2328,Technology,5,Other,Private,Startup,Supply Chain Optimization,Basic,30311.62,0.002961,3,True,False,False,0.88,-4.11,-4.44,-0.205,-420535.7,-105883.58,-8.6835,120.0,AI_PROJ_0446,2023-08-20,Completed,1.0,Scikit-learn + Python,16,True
COMP_0447,Small,17,1975680.63,319289.79,0.1616,Manufacturing,7,Europe,Private,Growth,Supply Chain Optimization,Basic,21928.66,0.011099,3,False,True,False,0.81,2.09,2.02,0.104,41214.55,6456.3,1.087,40.8,AI_PROJ_0447,2022-12-20,Completed,1.0,PyTorch + Python,3,True
COMP_0448,Small,2,103111.97,11525.93,0.1118,Government,4,North America,Private,Growth,Customer Analytics/Personalization,Intermediate,420.23,0.004075,3,False,False,True,0.51,0.18,0.22,0.011,190.48,25.67,0.2572,120.0,AI_PROJ_0448,2024-05-07,Completed,1.0,Microsoft Power Platform,4,True
COMP_0449,Small,1,130850.57,14236.19,0.1088,Energy/Utilities,7,Europe,Private,Mature,Other,Basic,3263.37,0.02494,3,False,False,False,0.39,0.16,0.16,0.008,210.38,23.42,0.0358,120.0,AI_PROJ_0449,2024-06-06,Completed,1.0,PyTorch + Python,19,False
COMP_0450,Small,6,431903.8,130513.83,0.3022,Technology,13,Other,Private,Growth,Process Automation,Intermediate,17959.83,0.041583,3,True,True,True,0.88,44.21,80.0,4.0,190923.33,104411.06,8.2221,2.1,AI_PROJ_0450,2024-02-15,Completed,1.0,Custom ML Pipeline,3,False
COMP_0451,Small,11,741655.25,104616.9,0.1411,Retail/E-commerce,5,North America,Private,Startup,Customer Analytics/Personalization,Intermediate,40066.7,0.054023,3,False,False,False,0.68,-4.42,-5.06,-0.221,-32752.46,-5294.85,-0.4748,120.0,AI_PROJ_0451,2023-03-03,Completed,1.0,Apache Spark + Scala,9,False
COMP_0452,Small,1,163588.45,23891.39,0.146,Other,2,Asia-Pacific,Private,Startup,Process Automation,Intermediate,5641.41,0.034485,3,False,False,False,0.73,-3.49,-3.09,-0.175,-5716.64,-738.71,-0.5721,120.0,AI_PROJ_0452,2025-05-30,Development,0.67,Azure ML + .NET,10,True
COMP_0453,Small,3,253609.67,26526.45,0.1046,Healthcare,23,Europe,Private,Declining,Predictive Analytics,Intermediate,5681.41,0.022402,12,True,False,True,0.54,12.03,22.12,1.245,30515.02,5866.81,3.2018,11.6,AI_PROJ_0453,2025-05-31,Development,0.67,PyTorch + Python,2,False
COMP_0454,Small,11,2298307.64,554458.51,0.2412,Technology,11,Asia-Pacific,Private,Growth,Process Automation,Basic,35408.23,0.015406,3,False,False,True,0.88,2.88,5.38,0.521,66206.13,29825.35,1.3561,14.2,AI_PROJ_0454,2023-07-10,Completed,1.0,Microsoft Power Platform,4,False
COMP_0455,Medium,96,43315159.53,6633004.9,0.1531,Education,1,Other,Private,Growth,Process Automation,Basic,369503.4,0.008531,3,True,False,True,0.53,2.77,5.33,0.131,1199142.56,353787.28,2.1014,12.5,AI_PROJ_0455,2024-07-08,Completed,1.0,AWS SageMaker + Python,16,False
COMP_0456,Large,500,519398945.71,82889399.13,0.1596,Technology,25,Europe,Public,Mature,Customer Analytics/Personalization,Basic,10895965.63,0.020978,3,False,False,True,0.61,6.4,10.38,0.608,33229676.83,8601314.21,1.9196,15.2,AI_PROJ_0456,2023-02-22,Completed,1.0,TensorFlow + Python,5,False
COMP_0457,Small,1,132752.25,11353.11,0.0855,Financial Services,19,Europe,Private,Growth,Predictive Analytics,Intermediate,5254.45,0.039581,4,False,False,True,0.64,17.96,22.2,2.322,23841.46,2520.45,2.5085,25.0,AI_PROJ_0457,2022-10-29,Completed,1.0,Google Cloud AI + Python,5,False
COMP_0458,Medium,215,60407900.54,10445936.18,0.1729,Energy/Utilities,12,Europe,Private,Growth,Supply Chain Optimization,Intermediate,2641606.33,0.043729,8,False,False,False,0.55,-3.89,-4.01,-0.194,-2347709.01,-419000.41,-0.5237,120.0,AI_PROJ_0458,2023-12-07,Completed,1.0,TensorFlow + Python,10,False
COMP_0459,Medium,50,8030911.64,106237.16,0.0132,Government,6,Europe,Private,Growth,Supply Chain Optimization,Intermediate,181864.64,0.022646,3,True,False,True,0.48,11.12,22.88,1.026,893014.07,24309.36,2.522,89.8,AI_PROJ_0459,2025-01-09,Deployment,0.77,Apache Spark + Scala,2,True
COMP_0460,Small,45,10884577.62,108845.78,0.01,Transportation/Logistics,52,Asia-Pacific,Public,Mature,Process Automation,Intermediate,521408.54,0.047903,3,False,False,False,0.78,-3.44,-3.57,-0.172,-374197.03,-3891.18,-0.3626,120.0,AI_PROJ_0460,2024-05-02,Completed,1.0,Apache Spark + Scala,9,True
COMP_0461,Small,6,1329178.14,272334.95,0.2049,Financial Services,1,North America,Private,Startup,Process Automation,Basic,24718.16,0.018597,3,True,False,True,0.78,17.96,38.1,2.981,238748.78,103769.87,6.9285,2.9,AI_PROJ_0461,2023-11-04,Completed,1.0,Custom ML Pipeline,8,False
COMP_0462,Small,1,196291.68,34865.81,0.1776,Technology,45,North America,Private,Mature,Customer Analytics/Personalization,Basic,3173.32,0.016166,3,True,False,True,0.81,32.73,80.0,3.107,64242.15,27892.65,14.5171,1.4,AI_PROJ_0462,2025-05-17,Development,0.45,Custom ML Pipeline,2,False
COMP_0463,Medium,50,13028006.2,773522.06,0.0594,Media/Entertainment,1,Europe,Private,Startup,Customer Analytics/Personalization,Basic,131264.0,0.010076,3,True,False,True,0.56,14.17,22.97,1.005,1845904.11,177664.32,7.708,8.9,AI_PROJ_0463,2024-06-03,Completed,1.0,Scikit-learn + Python,11,False
COMP_0464,Small,14,2735856.24,122797.38,0.0449,Financial Services,15,Europe,Private,Growth,Natural Language Processing,Intermediate,78663.75,0.028753,3,False,False,True,0.71,35.52,48.83,4.0,971766.61,59961.82,6.5578,15.7,AI_PROJ_0464,2023-03-12,Completed,1.0,PyTorch + Python,11,True
COMP_0465,Small,11,553747.6,30851.34,0.0557,Professional Services,15,North America,Private,Growth,Fraud Detection/Risk Management,Basic,2194.87,0.003964,3,False,False,True,0.67,1.03,1.02,0.083,5726.98,313.22,1.376,84.1,AI_PROJ_0465,2024-11-28,Deployment,0.86,AWS SageMaker + Python,3,True
COMP_0466,Small,2,187339.35,1873.39,0.01,Professional Services,1,Europe,Private,Startup,Natural Language Processing,Basic,2456.92,0.013115,3,False,False,True,0.64,4.93,6.16,0.552,9240.89,115.45,1.9041,120.0,AI_PROJ_0466,2024-05-16,Completed,1.0,Azure ML + .NET,5,False
COMP_0467,Small,7,860484.24,114020.09,0.1325,Healthcare,30,North America,Private,Mature,Process Automation,Intermediate,19205.07,0.022319,5,False,False,True,0.68,4.14,5.78,0.402,35659.52,6585.76,1.0998,35.0,AI_PROJ_0467,2024-07-02,Completed,1.0,AWS SageMaker + Python,24,True
COMP_0468,Small,1,70490.2,6892.93,0.0978,Professional Services,14,North America,Private,Growth,Process Automation,Intermediate,886.61,0.012578,9,False,True,False,0.71,2.16,2.18,0.108,1519.08,150.0,0.9413,70.9,AI_PROJ_0468,2024-09-02,Completed,1.0,Azure ML + .NET,4,False
COMP_0469,Medium,50,24793423.78,5137209.82,0.2072,Energy/Utilities,31,Europe,Private,Mature,Natural Language Processing,Advanced,1264746.23,0.051011,3,False,False,True,0.48,24.83,35.02,2.746,6155761.54,1799263.74,3.1449,8.4,AI_PROJ_0469,2023-02-07,Completed,1.0,DataRobot Platform,10,False
COMP_0470,Medium,93,45900523.35,1292056.86,0.0281,Healthcare,11,Other,Private,Growth,Natural Language Processing,Intermediate,2199562.52,0.04792,3,False,False,True,0.51,40.17,41.98,3.701,18438561.36,542354.26,4.3147,48.7,AI_PROJ_0470,2024-07-25,Completed,1.0,Microsoft Power Platform,14,False
COMP_0471,Medium,499,110632655.53,17253848.31,0.156,Professional Services,44,North America,Private,Mature,Natural Language Processing,Intermediate,699795.6,0.006325,3,False,False,True,0.54,2.41,2.59,0.189,2670243.61,447567.6,2.2277,18.8,AI_PROJ_0471,2023-01-28,Completed,1.0,DataRobot Platform,4,True
COMP_0472,Small,9,1013806.04,247547.82,0.2442,Technology,15,North America,Private,Mature,Other,Intermediate,7408.5,0.007308,3,True,False,True,0.62,5.78,18.65,0.727,58633.68,46163.24,7.0727,1.9,AI_PROJ_0472,2024-07-18,Completed,1.0,H2O.ai + R,11,False
COMP_0473,Medium,134,59611237.26,6666182.56,0.1118,Retail/E-commerce,8,Asia-Pacific,Private,Mature,Customer Analytics/Personalization,Basic,292359.51,0.004904,8,False,False,False,0.58,-4.9,-4.26,-0.245,-2921381.19,-283872.07,-5.4817,120.0,AI_PROJ_0473,2023-09-28,Completed,1.0,PyTorch + Python,18,False
COMP_0474,Small,23,1744035.29,29425.74,0.0169,Manufacturing,13,Asia-Pacific,Public,Growth,Natural Language Processing,Basic,18217.7,0.010446,3,True,False,True,0.74,2.46,5.97,0.236,42826.61,1756.99,1.2236,120.0,AI_PROJ_0474,2022-11-26,Completed,1.0,Custom ML Pipeline,4,True
COMP_0475,Small,49,8039749.17,1218859.69,0.1516,Healthcare,14,North America,Private,Mature,Natural Language Processing,Intermediate,289044.98,0.035952,4,False,True,True,0.61,26.63,28.88,4.0,2141130.37,351982.04,4.3127,9.9,AI_PROJ_0475,2023-10-02,Completed,1.0,H2O.ai + R,7,True
COMP_0476,Medium,50,29878121.46,2310852.32,0.0773,Financial Services,4,Asia-Pacific,Private,Startup,Other,Intermediate,587822.53,0.019674,3,False,True,False,0.42,-2.09,-1.72,-0.104,-624047.41,-39800.53,-0.5647,120.0,AI_PROJ_0476,2024-03-02,Completed,1.0,PyTorch + Python,23,True
COMP_0477,Small,15,4610557.78,1003684.96,0.2177,Technology,1,Asia-Pacific,Private,Startup,Fraud Detection/Risk Management,Basic,24759.79,0.00537,3,False,False,True,0.84,14.6,17.91,2.555,672990.23,179764.41,17.2206,1.7,AI_PROJ_0477,2022-12-15,Completed,1.0,Custom ML Pipeline,4,False
COMP_0478,Small,49,2558651.49,250135.66,0.0978,Education,1,Europe,Public,Startup,Fraud Detection/Risk Management,Intermediate,36549.98,0.014285,4,False,False,False,0.59,2.54,2.92,0.127,64869.09,7297.94,0.9872,60.1,AI_PROJ_0478,2024-04-24,Completed,1.0,Google Cloud AI + Python,8,True
COMP_0479,Small,44,7422739.86,651948.13,0.0878,Healthcare,1,Europe,Private,Startup,Predictive Analytics,Intermediate,149270.86,0.02011,3,False,False,False,0.54,0.23,0.22,0.012,17320.7,1404.31,0.0627,120.0,AI_PROJ_0479,2025-08-25,Planning,0.24,IBM Watson + Java,19,True
COMP_0480,Small,49,3449909.09,246775.51,0.0715,Retail/E-commerce,1,Europe,Private,Startup,Process Automation,Basic,72501.24,0.021015,3,True,False,True,0.75,5.22,9.81,0.641,180007.42,24218.67,1.4084,35.9,AI_PROJ_0480,2024-03-15,Completed,1.0,Azure ML + .NET,5,False
COMP_0481,Medium,56,36317910.47,4477002.45,0.1233,Technology,40,Asia-Pacific,Private,Mature,Customer Analytics/Personalization,Intermediate,190971.58,0.005258,3,False,False,False,0.71,-4.93,-4.9,-0.246,-1790262.08,-219429.23,-5.2618,120.0,AI_PROJ_0481,2024-04-13,Completed,1.0,AWS SageMaker + Python,8,True
COMP_0482,Large,14619,17586527041.13,2063646915.16,0.1173,Technology,13,Europe,Private,Growth,Computer Vision,Advanced,1222054627.05,0.069488,7,True,False,False,0.51,1.01,0.82,0.051,178445159.14,16898708.83,0.0799,120.0,AI_PROJ_0482,2023-09-23,Completed,1.0,PyTorch + Python,23,False
COMP_0483,Large,500,357545892.67,61377442.43,0.1717,Professional Services,8,North America,Public,Growth,Natural Language Processing,Intermediate,6990578.5,0.019552,3,True,False,True,0.44,3.73,8.42,0.426,13345692.49,5165578.81,1.324,16.2,AI_PROJ_0483,2024-10-08,Deployment,0.82,Microsoft Power Platform,5,True
COMP_0484,Medium,59,11759464.73,1956681.66,0.1664,Technology,21,North America,Public,Mature,Process Automation,Basic,290573.06,0.02471,3,True,False,True,0.78,10.37,33.51,0.764,1218997.42,655769.75,3.226,5.3,AI_PROJ_0484,2025-04-06,Development,0.42,Google Cloud AI + Python,4,False
COMP_0485,Small,3,245167.19,10433.31,0.0426,Healthcare,7,North America,Private,Growth,Fraud Detection/Risk Management,Intermediate,2112.1,0.008615,3,False,False,True,0.64,13.95,22.82,2.131,34196.93,2380.63,8.659,10.6,AI_PROJ_0485,2024-08-18,Completed,1.0,IBM Watson + Java,9,True
COMP_0486,Small,12,1619387.41,182099.22,0.1124,Media/Entertainment,1,North America,Private,Startup,Computer Vision,Basic,32528.96,0.020087,5,True,True,False,0.56,-2.8,-3.0,-0.14,-45359.5,-5463.03,-0.7812,120.0,AI_PROJ_0486,2025-04-22,Development,0.26,AWS SageMaker + Python,3,False
COMP_0487,Small,49,9352195.55,1946679.71,0.2082,Healthcare,1,Asia-Pacific,Public,Startup,Natural Language Processing,Basic,328829.67,0.035161,3,False,False,False,0.61,-4.3,-5.03,-0.215,-402273.56,-98005.13,-0.7607,120.0,AI_PROJ_0487,2024-12-04,Deployment,0.79,AWS SageMaker + Python,10,True
COMP_0488,Small,49,12865209.99,2285978.01,0.1777,Technology,36,North America,Private,Mature,Process Automation,Intermediate,238510.1,0.018539,3,True,False,True,0.88,5.29,15.48,0.547,679935.45,353873.02,2.1672,8.1,AI_PROJ_0488,2023-11-13,Completed,1.0,Google Cloud AI + Python,24,False
COMP_0489,Small,23,4095526.27,988421.45,0.2413,Healthcare,24,Europe,Private,Mature,Customer Analytics/Personalization,Basic,27322.73,0.006671,6,False,False,False,0.61,1.68,1.84,0.084,68981.53,18178.91,1.595,18.0,AI_PROJ_0489,2024-02-11,Completed,1.0,Google Cloud AI + Python,2,False
COMP_0490,Small,49,4437233.29,230556.54,0.052,Retail/E-commerce,29,North America,Private,Mature,Process Automation,Basic,16525.12,0.003724,4,True,False,True,0.75,0.57,1.06,0.028,25191.06,2454.87,0.8365,80.8,AI_PROJ_0490,2025-04-28,Development,0.52,IBM Watson + Java,4,True
COMP_0491,Small,12,2761100.71,570033.01,0.2065,Technology,3,North America,Private,Startup,Customer Analytics/Personalization,Intermediate,31353.59,0.011355,3,True,False,True,0.81,5.08,11.83,0.769,140226.9,67437.4,3.3117,5.6,AI_PROJ_0491,2024-08-25,Completed,1.0,AWS SageMaker + Python,22,True
COMP_0492,Large,3266,3267550188.14,313822554.62,0.096,Technology,10,Europe,Public,Growth,Process Automation,Advanced,66997121.84,0.020504,7,False,False,False,0.68,-2.15,-1.93,-0.108,-70289997.49,-6051717.77,-0.5697,120.0,AI_PROJ_0492,2024-01-28,Completed,1.0,TensorFlow + Python,5,True
COMP_0493,Small,35,1960963.04,145263.37,0.0741,Other,9,North America,Private,Growth,Predictive Analytics,Intermediate,113639.65,0.057951,10,False,False,True,0.59,13.32,14.87,1.599,261296.14,21603.96,1.2447,63.1,AI_PROJ_0493,2025-05-07,Development,0.59,DataRobot Platform,11,True
COMP_0494,Medium,50,24335259.48,6312404.74,0.2594,Retail/E-commerce,2,North America,Private,Startup,Computer Vision,Intermediate,752856.91,0.030937,3,True,False,False,0.48,1.37,1.31,0.069,333754.47,82988.69,0.2768,108.9,AI_PROJ_0494,2024-04-02,Completed,1.0,Microsoft Power Platform,20,True
COMP_0495,Large,1190,1093495862.06,120083167.04,0.1098,Healthcare,4,Europe,Public,Growth,Process Automation,Intermediate,33996684.89,0.03109,12,False,False,False,0.48,0.17,0.15,0.008,1822625.95,178635.69,0.0294,120.0,AI_PROJ_0495,2025-04-09,Development,0.27,AWS SageMaker + Python,3,False
COMP_0496,Medium,50,21698498.12,5611384.73,0.2586,Financial Services,8,Europe,Private,Growth,Predictive Analytics,Advanced,2304403.64,0.106201,3,False,False,False,0.54,-3.11,-3.03,-0.155,-674691.33,-170179.42,-0.1833,120.0,AI_PROJ_0496,2025-08-25,Planning,0.07,H2O.ai + R,11,False
COMP_0497,Small,4,843669.36,114690.57,0.1359,Media/Entertainment,10,North America,Private,Growth,Customer Analytics/Personalization,Basic,8401.09,0.009958,3,False,False,False,0.66,-3.99,-3.91,-0.2,-33690.17,-4483.24,-2.2719,120.0,AI_PROJ_0497,2025-08-08,Planning,0.1,Azure ML + .NET,13,False
COMP_0498,Small,2,227934.64,32966.13,0.1446,Manufacturing,12,Europe,Private,Growth,Computer Vision,Basic,5856.1,0.025692,3,True,False,False,0.64,-4.54,-4.72,-0.227,-10354.07,-1555.59,-1.0169,120.0,AI_PROJ_0498,2024-09-27,Deployment,0.8,Apache Spark + Scala,5,False
COMP_0499,Small,17,4110714.72,1076189.96,0.2618,Technology,3,Europe,Private,Startup,Predictive Analytics,Basic,12584.32,0.003061,3,True,False,True,0.74,-0.76,-1.56,-0.096,-31230.19,-16803.06,-1.9085,120.0,AI_PROJ_0499,2025-03-10,Deployment,0.91,TensorFlow + Python,8,True
COMP_0500,Small,3,248196.24,31814.7,0.1282,Manufacturing,8,Europe,Private,Growth,Process Automation,Intermediate,3546.65,0.01429,4,False,False,True,0.81,4.34,4.18,0.236,10780.42,1330.52,1.7074,32.0,AI_PROJ_0500,2024-11-24,Deployment,0.83,Custom ML Pipeline,16,True
