company_id,company_size,employees,annual_revenue,baseline_ebitda,ebitda_margin,industry,company_age,region,ownership,growth_stage,project_type,complexity,investment_amount,ai_intensity,deployment_months,has_kpi_tracking,is_mature_implementation,is_successful,success_probability,revenue_impact_pct,ebitda_impact_pct,valuation_multiple_expansion,revenue_increase_absolute,ebitda_increase_absolute,annual_roi,payback_months,project_id,start_date,status,completion_percentage,primary_technology,team_size,has_external_vendor
COMP_0001,Small,3,282711.22,49619.26,0.1755,Technology,13,Europe,Private,Mature,Computer Vision,Basic,3791.55,0.013411,3,False,False,True,0.71,4.57,10.06,0.461,12933.96,4993.01,2.3641,9.1,AI_PROJ_0001,2023-05-20,Completed,1.0,IBM Watson + Java,6,False
COMP_0002,Medium,71,19990320.22,2357084.65,0.1179,Government,1,North America,Private,Startup,Predictive Analytics,Basic,357503.65,0.017884,5,False,False,False,0.34,5.0,5.45,0.25,999516.01,128568.22,1.5777,33.4,AI_PROJ_0002,2024-05-30,Completed,1.0,H2O.ai + R,15,False
COMP_0003,Medium,499,164662651.77,32104106.48,0.195,Other,5,North America,Private,Startup,Customer Analytics/Personalization,Intermediate,9098556.2,0.055256,3,False,False,False,0.56,5.0,5.12,0.25,8233132.59,1644528.63,0.5428,66.4,AI_PROJ_0003,2023-12-25,Completed,1.0,Azure ML + .NET,2,False
COMP_0004,Small,5,511297.27,73270.16,0.1433,Healthcare,9,Europe,Private,Growth,Predictive Analytics,Basic,13646.11,0.026689,3,False,False,True,0.54,19.24,38.57,1.65,98380.18,28262.21,4.6402,5.8,AI_PROJ_0004,2025-02-20,Deployment,0.73,IBM Watson + Java,6,False
COMP_0005,Medium,50,12563934.91,2231875.43,0.1776,Technology,42,North America,Private,Mature,Customer Analytics/Personalization,Intermediate,111790.31,0.008898,3,False,False,True,0.71,6.25,12.02,1.337,785322.81,268338.04,4.7127,5.0,AI_PROJ_0005,2024-12-25,Deployment,0.87,Apache Spark + Scala,24,False
COMP_0006,Small,49,3531232.95,577496.23,0.1635,Manufacturing,5,North America,Private,Startup,Predictive Analytics,Intermediate,60237.37,0.017058,5,False,True,False,0.67,5.0,4.52,0.25,176561.65,26079.06,1.682,27.7,AI_PROJ_0006,2025-04-07,Development,0.62,IBM Watson + Java,5,False
COMP_0007,Small,16,2143390.14,455568.64,0.2125,Financial Services,34,Asia-Pacific,Private,Mature,Process Automation,Intermediate,79786.7,0.037225,3,True,False,True,0.78,24.7,80.0,3.203,529517.26,364454.91,5.6023,2.6,AI_PROJ_0007,2022-10-07,Completed,1.0,Microsoft Power Platform,6,False
COMP_0008,Small,34,6623547.7,434665.88,0.0656,Retail/E-commerce,12,Europe,Private,Mature,Process Automation,Basic,238026.41,0.035936,3,False,False,True,0.75,24.11,33.02,3.127,1596779.87,143513.8,3.6557,19.9,AI_PROJ_0008,2025-04-23,Development,0.42,Custom ML Pipeline,10,False
COMP_0009,Small,13,2485514.35,99400.89,0.04,Transportation/Logistics,18,North America,Private,Mature,Natural Language Processing,Basic,22240.89,0.008948,4,False,True,True,0.71,5.35,5.58,0.261,133057.3,5545.9,3.116,48.1,AI_PROJ_0009,2023-10-17,Completed,1.0,Scikit-learn + Python,4,False
COMP_0010,Small,18,2640356.91,550875.21,0.2086,Manufacturing,14,North America,Private,Growth,Natural Language Processing,Intermediate,44287.89,0.016773,4,True,False,False,0.74,-0.26,-0.22,-0.013,-6839.72,-1230.91,-0.0911,120.0,AI_PROJ_0010,2023-06-19,Completed,1.0,Scikit-learn + Python,11,True
COMP_0011,Large,5775,4670597290.43,183086199.21,0.0392,Retail/E-commerce,8,Europe,Private,Growth,Process Automation,Intermediate,74126681.3,0.015871,6,False,False,True,0.55,9.85,14.56,1.12,460195858.2,26654605.29,3.2839,33.4,AI_PROJ_0011,2022-10-24,Completed,1.0,DataRobot Platform,23,False
COMP_0012,Small,30,5904054.18,418555.49,0.0709,Manufacturing,7,Europe,Private,Growth,Supply Chain Optimization,Intermediate,168661.75,0.028567,3,False,False,True,0.81,20.25,36.15,2.2,1195348.58,151319.62,3.9922,13.4,AI_PROJ_0012,2022-11-12,Completed,1.0,IBM Watson + Java,5,True
COMP_0013,Medium,287,165076599.39,17293806.83,0.1048,Media/Entertainment,6,Asia-Pacific,Private,Mature,Natural Language Processing,Intermediate,6502197.9,0.039389,3,False,False,True,0.56,29.87,38.71,2.464,49308962.83,6695218.2,4.3066,11.7,AI_PROJ_0013,2022-10-15,Completed,1.0,AWS SageMaker + Python,6,True
COMP_0014,Large,3181,1697995036.56,419331183.46,0.247,Media/Entertainment,54,Other,Private,Mature,Supply Chain Optimization,Intermediate,28195062.29,0.016605,3,False,False,True,0.53,11.85,18.51,1.701,201204273.41,77622776.08,4.9446,4.4,AI_PROJ_0014,2024-04-05,Completed,1.0,H2O.ai + R,20,False
COMP_0015,Small,2,477297.64,70887.74,0.1485,Technology,8,Asia-Pacific,Private,Growth,Process Automation,Basic,11787.72,0.024697,3,False,False,True,0.88,15.73,37.64,1.299,75065.35,26683.5,4.3159,5.3,AI_PROJ_0015,2025-07-13,Planning,0.18,TensorFlow + Python,2,False
COMP_0016,Small,39,9076647.83,1383196.73,0.1524,Professional Services,1,North America,Private,Startup,Customer Analytics/Personalization,Basic,51932.25,0.005722,3,False,False,True,0.64,3.44,4.97,0.41,312221.6,68706.46,3.6675,9.1,AI_PROJ_0016,2025-08-19,Planning,0.24,PyTorch + Python,6,True
COMP_0017,Small,26,6396821.17,1100578.28,0.1721,Financial Services,2,Europe,Private,Growth,Customer Analytics/Personalization,Intermediate,427876.36,0.066889,3,False,False,False,0.71,5.0,4.26,0.25,319841.06,46866.13,0.4285,109.6,AI_PROJ_0017,2025-07-09,Planning,0.1,AWS SageMaker + Python,8,False
COMP_0018,Medium,148,36011460.13,11338562.36,0.3149,Financial Services,11,Asia-Pacific,Private,Mature,Computer Vision,Intermediate,315978.1,0.008774,10,True,False,True,0.51,8.72,50.83,1.254,3141132.27,5763033.25,14.0898,0.7,AI_PROJ_0018,2022-11-13,Completed,1.0,H2O.ai + R,3,False
COMP_0019,Large,956,1265617685.01,303513111.35,0.2398,Technology,4,Europe,Public,Startup,Process Automation,Intermediate,55767270.26,0.044063,3,True,False,True,0.68,25.55,80.0,2.283,323327693.54,242810489.08,5.0759,2.8,AI_PROJ_0019,2025-01-08,Deployment,0.79,PyTorch + Python,4,False
COMP_0020,Medium,50,31624736.44,6897618.81,0.2181,Technology,1,Asia-Pacific,Public,Startup,Natural Language Processing,Intermediate,887410.6,0.028061,3,False,True,True,0.71,24.37,42.65,3.621,7705768.95,2942008.86,5.9994,3.6,AI_PROJ_0020,2023-06-15,Completed,1.0,Azure ML + .NET,22,True
COMP_0021,Medium,115,63551719.46,635517.19,0.01,Technology,1,Europe,Private,Startup,Predictive Analytics,Basic,1092430.01,0.01719,3,True,False,True,0.64,11.28,74.78,0.824,7168835.84,475269.75,3.4987,27.6,AI_PROJ_0021,2024-11-25,Deployment,0.74,H2O.ai + R,5,True
COMP_0022,Small,1,105682.4,13832.15,0.1309,Financial Services,1,Europe,Private,Growth,Supply Chain Optimization,Basic,2842.65,0.026898,4,False,False,True,0.78,15.0,22.71,1.692,15847.21,3140.86,3.3399,10.9,AI_PROJ_0022,2025-05-08,Development,0.49,TensorFlow + Python,5,False
COMP_0023,Small,3,581411.0,12782.27,0.022,Healthcare,13,North America,Private,Growth,Predictive Analytics,Intermediate,12587.37,0.02165,3,False,False,False,0.54,5.0,4.1,0.25,29070.55,523.59,1.1755,120.0,AI_PROJ_0023,2023-04-09,Completed,1.0,Google Cloud AI + Python,21,False
COMP_0024,Medium,77,26403587.18,7704309.01,0.2918,Technology,35,North America,Private,Mature,Computer Vision,Advanced,901037.75,0.034126,10,True,False,True,0.61,15.97,80.0,1.534,4217588.75,6163447.21,5.7606,1.8,AI_PROJ_0024,2024-05-08,Completed,1.0,H2O.ai + R,4,False
COMP_0025,Small,4,459789.01,107132.31,0.233,Financial Services,1,Europe,Private,Growth,Process Automation,Basic,1987.97,0.004324,3,False,False,True,0.78,-1.9,-2.77,-0.145,-8746.36,-2962.78,-2.945,120.0,AI_PROJ_0025,2023-04-10,Completed,1.0,Scikit-learn + Python,9,False
COMP_0026,Small,17,1091274.33,139309.5,0.1277,Government,10,Europe,Private,Mature,Predictive Analytics,Intermediate,32528.85,0.029808,8,False,False,False,0.44,4.15,3.41,0.208,45327.41,4755.86,0.7698,82.1,AI_PROJ_0026,2025-02-08,Deployment,0.9,Google Cloud AI + Python,16,True
COMP_0027,Small,22,4497777.92,479625.93,0.1066,Transportation/Logistics,9,Asia-Pacific,Private,Growth,Predictive Analytics,Intermediate,71235.86,0.015838,7,False,False,False,0.64,0.56,0.52,0.028,25383.99,2501.06,0.1957,120.0,AI_PROJ_0027,2022-12-13,Completed,1.0,H2O.ai + R,4,True
COMP_0028,Medium,101,24965765.28,6518226.31,0.2611,Technology,9,Europe,Private,Mature,Customer Analytics/Personalization,Basic,842381.38,0.033741,3,True,False,True,0.71,23.95,77.21,2.522,5979709.02,5032827.2,6.5366,2.0,AI_PROJ_0028,2024-06-12,Completed,1.0,DataRobot Platform,9,True
COMP_0029,Small,49,7831690.73,788599.02,0.1007,Transportation/Logistics,24,Other,Private,Mature,Process Automation,Basic,66065.39,0.008436,4,False,False,True,0.78,8.33,12.22,0.409,652137.56,96331.0,5.6646,8.2,AI_PROJ_0029,2024-12-11,Deployment,0.79,IBM Watson + Java,9,False
COMP_0030,Small,6,847202.96,236787.73,0.2795,Other,12,Other,Private,Growth,Natural Language Processing,Basic,7549.91,0.008912,5,False,False,True,0.66,9.0,9.46,0.652,76260.77,22410.75,6.5346,4.0,AI_PROJ_0030,2022-12-05,Completed,1.0,Custom ML Pipeline,5,True
COMP_0031,Small,16,2084952.42,289728.03,0.139,Manufacturing,36,North America,Private,Mature,Process Automation,Intermediate,30706.71,0.014728,3,False,False,True,0.81,4.88,7.96,0.617,101782.09,23050.98,2.0327,16.0,AI_PROJ_0031,2025-06-21,Development,0.47,Custom ML Pipeline,7,False
COMP_0032,Small,16,1228992.62,167496.14,0.1363,Other,9,North America,Private,Growth,Natural Language Processing,Basic,6094.29,0.004959,5,False,False,True,0.66,1.39,1.48,0.162,17107.66,2480.7,1.6071,29.5,AI_PROJ_0032,2024-09-24,Completed,1.0,DataRobot Platform,24,False
COMP_0033,Medium,62,18535814.24,3045543.91,0.1643,Healthcare,43,North America,Private,Declining,Process Automation,Intermediate,538783.56,0.029067,12,True,False,True,0.58,17.45,67.31,1.126,3234305.46,2050051.02,4.904,3.2,AI_PROJ_0033,2025-04-20,Development,0.56,DataRobot Platform,3,False
COMP_0034,Small,19,2342435.39,23424.35,0.01,Media/Entertainment,32,Europe,Private,Mature,Computer Vision,Intermediate,66799.52,0.028517,3,False,False,False,0.56,4.05,3.92,0.202,94764.03,917.83,0.7162,120.0,AI_PROJ_0034,2024-08-05,Completed,1.0,TensorFlow + Python,9,True
COMP_0035,Small,31,4102560.03,362407.96,0.0883,Professional Services,36,North America,Private,Mature,Process Automation,Intermediate,198141.71,0.048297,3,True,False,True,0.71,27.17,61.49,1.225,1114869.04,222842.09,3.3756,10.7,AI_PROJ_0035,2024-04-10,Completed,1.0,Azure ML + .NET,13,False
COMP_0036,Medium,97,29269858.88,292698.59,0.01,Manufacturing,10,Europe,Public,Mature,Customer Analytics/Personalization,Intermediate,1218769.55,0.041639,3,True,False,True,0.64,23.14,74.81,2.515,6771649.65,218974.78,2.8679,66.8,AI_PROJ_0036,2022-12-19,Completed,1.0,Microsoft Power Platform,4,True
COMP_0037,Medium,93,20276655.56,1537589.96,0.0758,Other,71,North America,Public,Mature,Fraud Detection/Risk Management,Intermediate,797626.39,0.039337,3,True,False,True,0.59,25.84,68.51,2.479,5240002.43,1053338.24,3.945,9.1,AI_PROJ_0037,2023-09-29,Completed,1.0,H2O.ai + R,8,False
COMP_0038,Medium,66,16112268.95,993335.41,0.0617,Professional Services,26,Europe,Private,Mature,Predictive Analytics,Intermediate,642985.92,0.039907,4,False,False,False,0.47,5.0,4.21,0.25,805613.45,41769.95,0.6589,120.0,AI_PROJ_0038,2023-02-25,Completed,1.0,AWS SageMaker + Python,11,True
COMP_0039,Medium,100,36069256.61,3390161.5,0.094,Financial Services,30,Other,Public,Mature,Process Automation,Intermediate,1049290.48,0.029091,3,False,False,True,0.68,11.26,14.12,1.489,4060742.6,478667.91,2.1631,26.3,AI_PROJ_0039,2022-10-18,Completed,1.0,Apache Spark + Scala,4,False
COMP_0040,Large,500,531876891.45,55669664.47,0.1047,Financial Services,3,Asia-Pacific,Public,Startup,Customer Analytics/Personalization,Basic,3258194.28,0.006126,3,True,False,False,0.51,-2.29,-2.26,-0.115,-12185985.72,-1256126.41,-2.0628,120.0,AI_PROJ_0040,2023-08-26,Completed,1.0,H2O.ai + R,4,False
COMP_0041,Small,2,384836.63,67467.28,0.1753,Technology,13,North America,Public,Growth,Customer Analytics/Personalization,Basic,8810.33,0.022894,3,True,False,True,0.81,17.17,74.18,2.092,66093.54,50047.88,6.5912,2.1,AI_PROJ_0041,2023-02-05,Completed,1.0,PyTorch + Python,8,False
COMP_0042,Small,8,1046592.81,149776.77,0.1431,Technology,12,Europe,Private,Growth,Process Automation,Intermediate,22844.97,0.021828,7,False,False,True,0.88,14.87,33.12,1.242,155634.39,49605.03,4.492,5.5,AI_PROJ_0042,2025-02-02,Deployment,0.84,Custom ML Pipeline,3,False
COMP_0043,Medium,360,77521562.94,12855622.7,0.1658,Technology,2,Asia-Pacific,Private,Growth,Process Automation,Intermediate,2990963.63,0.038582,3,False,True,True,0.78,29.21,46.33,4.0,22643501.22,5955932.51,4.781,6.0,AI_PROJ_0043,2023-04-20,Completed,1.0,Google Cloud AI + Python,10,False
COMP_0044,Medium,272,94920344.31,16423298.55,0.173,Professional Services,10,Europe,Private,Growth,Predictive Analytics,Intermediate,1472526.44,0.015513,3,True,False,True,0.47,2.93,39.59,0.215,2779591.63,6501849.34,3.1515,2.7,AI_PROJ_0044,2025-08-27,Planning,0.09,Google Cloud AI + Python,13,False
COMP_0045,Small,10,1185222.34,230369.42,0.1944,Healthcare,2,North America,Public,Startup,Predictive Analytics,Intermediate,21138.86,0.017835,7,True,False,False,0.54,-1.14,-1.25,-0.057,-13507.13,-2873.61,-0.3875,120.0,AI_PROJ_0045,2025-03-17,Deployment,0.9,DataRobot Platform,5,False
COMP_0046,Medium,68,18755015.09,187550.15,0.01,Manufacturing,64,North America,Private,Mature,Process Automation,Intermediate,432587.5,0.023065,3,True,False,False,0.71,3.79,3.55,0.189,710222.48,6655.22,0.8286,120.0,AI_PROJ_0046,2025-03-31,Deployment,0.71,AWS SageMaker + Python,11,False
COMP_0047,Medium,134,44247084.73,6273018.36,0.1418,Technology,2,North America,Public,Startup,Process Automation,Intermediate,2729135.63,0.061679,3,False,False,True,0.78,32.15,51.94,4.0,14227463.78,3258231.78,3.2035,10.1,AI_PROJ_0047,2024-02-01,Completed,1.0,IBM Watson + Java,8,False
COMP_0048,Medium,191,87483642.52,14156428.49,0.1618,Media/Entertainment,31,North America,Private,Mature,Natural Language Processing,Intermediate,449079.98,0.005133,3,True,False,True,0.56,-1.08,27.24,-0.064,-943407.16,3855878.45,3.2427,1.4,AI_PROJ_0048,2023-04-15,Completed,1.0,DataRobot Platform,3,False
COMP_0049,Medium,70,30892182.52,3900835.32,0.1263,Healthcare,28,Asia-Pacific,Private,Mature,Process Automation,Basic,594822.9,0.019255,7,False,False,True,0.58,11.32,16.36,1.153,3498156.63,637996.77,3.4768,11.2,AI_PROJ_0049,2023-07-04,Completed,1.0,PyTorch + Python,9,False
COMP_0050,Small,3,435586.36,18620.77,0.0427,Media/Entertainment,14,Europe,Private,Growth,Process Automation,Intermediate,8575.99,0.019688,4,False,False,True,0.73,13.63,19.0,1.87,59364.69,3538.58,3.6674,29.1,AI_PROJ_0050,2023-09-03,Completed,1.0,Microsoft Power Platform,16,False
COMP_0051,Medium,100,44957452.1,9234977.56,0.2054,Technology,22,Europe,Private,Mature,Predictive Analytics,Intermediate,397010.86,0.008831,3,False,False,True,0.64,3.11,5.16,0.509,1397455.22,476262.59,2.3598,10.0,AI_PROJ_0051,2023-01-03,Completed,1.0,IBM Watson + Java,3,True
COMP_0052,Small,5,739538.36,76466.52,0.1034,Manufacturing,8,Europe,Private,Growth,Process Automation,Intermediate,21063.88,0.028482,6,False,False,True,0.81,18.67,22.34,1.873,138067.0,17085.64,3.6829,14.8,AI_PROJ_0052,2023-07-15,Completed,1.0,Scikit-learn + Python,11,False
COMP_0053,Small,38,4866723.61,455520.71,0.0936,Financial Services,77,Europe,Private,Mature,Predictive Analytics,Basic,37283.14,0.007661,3,False,False,False,0.64,-2.25,-2.69,-0.112,-109426.91,-12259.91,-1.6319,120.0,AI_PROJ_0053,2024-08-30,Completed,1.0,TensorFlow + Python,13,True
COMP_0054,Medium,50,20017970.68,781251.81,0.039,Transportation/Logistics,2,North America,Private,Startup,Process Automation,Basic,688121.82,0.034375,3,False,False,True,0.68,20.95,31.28,2.004,4194438.92,244379.13,3.2253,33.8,AI_PROJ_0054,2025-04-17,Development,0.31,H2O.ai + R,5,False
COMP_0055,Small,1,90986.87,909.87,0.01,Technology,47,Europe,Public,Mature,Predictive Analytics,Basic,879.52,0.009666,3,False,False,True,0.74,5.56,11.25,1.151,5061.95,102.32,2.9358,103.2,AI_PROJ_0055,2022-12-14,Completed,1.0,Microsoft Power Platform,10,False
COMP_0056,Small,17,2158922.34,99701.32,0.0462,Manufacturing,1,Asia-Pacific,Private,Startup,Process Automation,Basic,49165.61,0.022773,3,False,False,True,0.81,6.1,7.57,0.745,131738.23,7550.88,1.4165,78.1,AI_PROJ_0056,2023-07-23,Completed,1.0,Azure ML + .NET,14,False
COMP_0057,Small,37,6636118.96,1924071.88,0.2899,Technology,4,North America,Private,Growth,Process Automation,Basic,23688.31,0.00357,3,False,False,True,0.88,-2.39,-3.83,-0.216,-158369.19,-73741.38,-4.8993,120.0,AI_PROJ_0057,2024-03-01,Completed,1.0,AWS SageMaker + Python,5,False
COMP_0058,Small,12,1546567.77,373319.99,0.2414,Financial Services,23,Asia-Pacific,Public,Mature,Customer Analytics/Personalization,Basic,40007.81,0.025869,5,False,True,True,0.71,22.5,32.65,2.974,347998.11,121903.38,5.8726,3.9,AI_PROJ_0058,2023-05-07,Completed,1.0,DataRobot Platform,4,False
COMP_0059,Medium,52,9494901.53,733364.43,0.0772,Media/Entertainment,10,North America,Private,Mature,Customer Analytics/Personalization,Advanced,1042995.82,0.109848,4,False,False,True,0.56,50.0,67.3,4.0,4747450.76,493539.96,2.5125,25.4,AI_PROJ_0059,2025-05-02,Development,0.27,PyTorch + Python,17,False
COMP_0060,Small,4,579628.85,92147.92,0.159,Other,20,Asia-Pacific,Private,Growth,Process Automation,Intermediate,18968.98,0.032726,3,True,False,True,0.73,22.32,71.37,2.533,129355.89,65764.27,5.1431,3.5,AI_PROJ_0060,2025-04-02,Development,0.59,Google Cloud AI + Python,3,False
COMP_0061,Medium,56,22221031.99,2519731.2,0.1134,Media/Entertainment,11,Other,Public,Growth,Natural Language Processing,Intermediate,894436.53,0.040252,3,False,False,False,0.56,5.0,5.52,0.25,1111051.6,139145.68,0.6989,77.1,AI_PROJ_0061,2025-04-15,Development,0.46,DataRobot Platform,4,False
COMP_0062,Medium,122,36744380.47,10051869.16,0.2736,Financial Services,16,North America,Private,Mature,Customer Analytics/Personalization,Intermediate,648056.98,0.017637,4,False,False,False,0.61,2.54,2.16,0.127,934704.18,217315.43,0.8888,35.8,AI_PROJ_0062,2022-10-20,Completed,1.0,Custom ML Pipeline,10,True
COMP_0063,Medium,239,57689919.02,8787544.33,0.1523,Technology,2,North America,Private,Startup,Natural Language Processing,Intermediate,1778143.61,0.030822,3,True,False,True,0.71,20.66,80.0,2.112,11917859.35,7030035.46,5.328,3.0,AI_PROJ_0063,2023-04-14,Completed,1.0,Azure ML + .NET,5,False
COMP_0064,Small,4,340147.56,19887.22,0.0585,Professional Services,1,Asia-Pacific,Private,Growth,Predictive Analytics,Basic,8530.08,0.025078,3,True,False,False,0.57,4.7,4.86,0.235,15994.01,967.46,0.9942,105.8,AI_PROJ_0064,2023-09-19,Completed,1.0,TensorFlow + Python,6,True
COMP_0065,Large,500,414196982.75,25302034.12,0.0611,Financial Services,27,North America,Public,Mature,Process Automation,Intermediate,6191621.1,0.014948,5,False,False,True,0.58,7.65,10.75,0.653,31679800.46,2720262.26,2.778,27.3,AI_PROJ_0065,2025-03-19,Deployment,0.77,DataRobot Platform,17,True
COMP_0066,Medium,297,108453618.57,13915695.94,0.1283,Technology,1,Asia-Pacific,Private,Startup,Customer Analytics/Personalization,Intermediate,5627980.02,0.051893,3,False,False,True,0.71,30.45,50.29,4.0,33022654.02,6997882.29,3.5555,9.7,AI_PROJ_0066,2024-08-23,Completed,1.0,IBM Watson + Java,2,False
COMP_0067,Small,5,643334.71,40711.72,0.0633,Energy/Utilities,1,Asia-Pacific,Private,Startup,Natural Language Processing,Basic,6666.35,0.010362,4,False,False,True,0.58,9.05,10.35,0.733,58247.55,4215.32,4.6849,19.0,AI_PROJ_0067,2024-02-05,Completed,1.0,Custom ML Pipeline,6,True
COMP_0068,Medium,53,21729470.98,1870139.09,0.0861,Technology,10,North America,Public,Mature,Computer Vision,Intermediate,77301.83,0.003557,4,False,False,False,0.61,2.29,2.18,0.114,497219.25,40746.12,3.4796,22.8,AI_PROJ_0068,2023-09-20,Completed,1.0,Azure ML + .NET,18,True
COMP_0069,Small,36,5849593.6,233465.21,0.0399,Manufacturing,7,Asia-Pacific,Private,Growth,Predictive Analytics,Basic,84878.1,0.01451,3,False,False,True,0.67,7.9,11.58,0.775,461828.61,27038.25,2.8798,37.7,AI_PROJ_0069,2024-03-03,Completed,1.0,IBM Watson + Java,5,False
COMP_0070,Small,12,2478622.82,431899.62,0.1742,Technology,87,Other,Private,Mature,Predictive Analytics,Basic,19657.39,0.007931,3,False,False,False,0.74,0.79,0.71,0.039,19573.17,3061.84,0.5757,77.0,AI_PROJ_0070,2025-03-26,Deployment,0.91,TensorFlow + Python,8,False
COMP_0071,Large,500,311771867.96,36327137.33,0.1165,Manufacturing,20,Asia-Pacific,Public,Growth,Process Automation,Intermediate,6754215.64,0.021664,6,True,False,False,0.61,2.6,2.87,0.13,8103732.59,1042149.91,0.677,77.8,AI_PROJ_0071,2024-05-26,Completed,1.0,TensorFlow + Python,14,False
COMP_0072,Small,17,811694.83,139821.91,0.1723,Transportation/Logistics,7,North America,Private,Growth,Process Automation,Intermediate,8669.19,0.01068,5,False,False,True,0.78,9.31,15.53,0.885,75587.08,21719.36,5.6122,4.8,AI_PROJ_0072,2023-07-04,Completed,1.0,AWS SageMaker + Python,3,True
COMP_0073,Small,10,1727541.4,228917.1,0.1325,Technology,26,North America,Private,Mature,Predictive Analytics,Basic,30153.88,0.017455,3,False,False,True,0.74,13.86,28.85,1.501,239406.4,66035.36,5.0647,5.5,AI_PROJ_0073,2022-11-20,Completed,1.0,IBM Watson + Java,8,True
COMP_0074,Medium,50,10819324.74,1527742.56,0.1412,Financial Services,44,North America,Private,Mature,Predictive Analytics,Intermediate,139338.3,0.012879,5,False,False,True,0.54,8.37,10.22,1.035,905365.86,156200.44,3.8093,10.7,AI_PROJ_0074,2024-11-19,Deployment,0.74,Microsoft Power Platform,17,False
COMP_0075,Small,2,162615.6,12198.39,0.075,Manufacturing,10,North America,Private,Growth,Process Automation,Intermediate,3507.96,0.021572,3,False,True,True,0.81,20.06,27.82,2.426,32616.17,3394.09,5.1326,12.4,AI_PROJ_0075,2024-07-28,Completed,1.0,Apache Spark + Scala,3,False
COMP_0076,Small,5,714216.71,10027.6,0.014,Healthcare,18,Europe,Private,Mature,Supply Chain Optimization,Basic,14277.28,0.01999,3,False,True,True,0.68,14.72,23.44,0.874,105135.72,2350.23,3.7642,72.9,AI_PROJ_0076,2023-11-13,Completed,1.0,IBM Watson + Java,10,False
COMP_0077,Medium,171,47657384.28,4685635.27,0.0983,Manufacturing,1,North America,Private,Startup,Natural Language Processing,Intermediate,416600.62,0.008742,12,False,False,True,0.64,8.59,12.37,0.437,4093305.22,579666.35,5.6085,8.6,AI_PROJ_0077,2025-06-17,Development,0.39,Custom ML Pipeline,19,False
COMP_0078,Medium,68,29575485.49,5686722.13,0.1923,Energy/Utilities,5,Europe,Private,Startup,Customer Analytics/Personalization,Advanced,666303.99,0.022529,6,False,False,True,0.48,13.29,17.52,1.252,3930754.22,996030.73,3.6971,8.0,AI_PROJ_0078,2024-10-08,Deployment,0.83,AWS SageMaker + Python,5,False
COMP_0079,Small,5,406370.98,5734.41,0.0141,Retail/E-commerce,1,Europe,Public,Startup,Process Automation,Intermediate,7123.82,0.01753,3,False,False,False,0.75,1.59,1.49,0.08,6461.69,85.36,0.4595,120.0,AI_PROJ_0079,2025-06-22,Development,0.69,IBM Watson + Java,4,False
COMP_0080,Small,20,4638770.37,282154.0,0.0608,Technology,26,Europe,Private,Mature,Computer Vision,Intermediate,82171.76,0.017714,3,False,False,True,0.71,14.92,28.32,2.645,692310.63,79897.21,4.6987,12.3,AI_PROJ_0080,2024-03-27,Completed,1.0,Microsoft Power Platform,12,False
COMP_0081,Small,5,1585338.88,191919.47,0.1211,Technology,19,Europe,Public,Growth,Natural Language Processing,Intermediate,62386.44,0.039352,3,False,False,True,0.81,22.62,43.98,3.233,358670.49,84402.81,3.551,8.9,AI_PROJ_0081,2022-12-29,Completed,1.0,Apache Spark + Scala,3,False
COMP_0082,Medium,270,115624723.74,2151352.23,0.0186,Manufacturing,83,North America,Private,Mature,Process Automation,Basic,1184084.56,0.010241,3,False,False,True,0.71,4.66,7.83,0.422,5387838.19,168451.57,2.3462,84.4,AI_PROJ_0082,2025-08-10,Planning,0.09,Custom ML Pipeline,4,True
COMP_0083,Small,41,6121766.83,1006704.09,0.1644,Technology,1,North America,Public,Growth,Natural Language Processing,Basic,47742.04,0.007799,3,False,False,True,0.81,3.33,7.5,0.356,203955.81,75551.96,2.9273,7.6,AI_PROJ_0083,2024-10-11,Deployment,0.72,DataRobot Platform,22,True
COMP_0084,Medium,117,27964221.64,463843.58,0.0166,Healthcare,4,North America,Private,Growth,Process Automation,Basic,760052.79,0.027179,3,False,False,False,0.58,2.31,2.13,0.116,646820.15,9884.23,0.432,120.0,AI_PROJ_0084,2023-05-05,Completed,1.0,Scikit-learn + Python,3,False
COMP_0085,Small,49,5326780.31,332554.12,0.0624,Media/Entertainment,5,North America,Private,Startup,Process Automation,Intermediate,23797.54,0.004468,3,False,True,True,0.73,10.27,11.37,1.376,546892.78,37810.49,12.285,7.6,AI_PROJ_0085,2023-03-02,Completed,1.0,Azure ML + .NET,8,False
COMP_0086,Small,6,652989.49,39853.23,0.061,Government,1,Europe,Public,Growth,Process Automation,Intermediate,35861.57,0.054919,3,False,False,False,0.58,5.0,5.73,0.25,32649.47,2284.24,0.4871,120.0,AI_PROJ_0086,2025-01-14,Deployment,0.79,Microsoft Power Platform,14,False
COMP_0087,Small,3,447728.63,84157.71,0.188,Energy/Utilities,16,Europe,Public,Growth,Process Automation,Intermediate,13487.69,0.030125,8,True,False,True,0.65,16.47,54.62,1.011,73730.42,45968.57,4.4373,3.5,AI_PROJ_0087,2025-07-07,Planning,0.19,Google Cloud AI + Python,3,True
COMP_0088,Small,10,1564172.43,301955.57,0.193,Technology,7,Europe,Private,Growth,Customer Analytics/Personalization,Basic,35705.66,0.022827,3,True,False,True,0.81,13.53,62.88,2.481,211696.31,189870.04,5.6233,2.3,AI_PROJ_0088,2024-03-28,Completed,1.0,AWS SageMaker + Python,4,False
COMP_0089,Small,6,1258887.81,166354.24,0.1321,Financial Services,28,North America,Public,Mature,Customer Analytics/Personalization,Intermediate,15943.04,0.012664,4,True,False,True,0.71,8.89,44.38,1.118,111921.45,73834.1,5.8256,2.6,AI_PROJ_0089,2024-04-09,Completed,1.0,Azure ML + .NET,18,False
COMP_0090,Small,46,4287485.29,669825.53,0.1562,Government,11,North America,Private,Mature,Fraud Detection/Risk Management,Basic,54784.27,0.012778,6,False,False,False,0.54,1.93,1.68,0.097,82768.92,11277.28,0.8583,58.3,AI_PROJ_0090,2025-08-26,Planning,0.08,DataRobot Platform,5,False
COMP_0091,Medium,50,11407224.85,1322039.9,0.1159,Retail/E-commerce,10,North America,Public,Growth,Process Automation,Intermediate,32443.85,0.002844,4,False,False,False,0.65,3.31,3.16,0.165,377034.04,41822.54,6.4551,9.3,AI_PROJ_0091,2024-09-01,Completed,1.0,DataRobot Platform,9,False
COMP_0092,Small,49,10249174.61,2501030.74,0.244,Technology,10,North America,Private,Growth,Fraud Detection/Risk Management,Intermediate,566346.01,0.055258,3,False,False,True,0.84,31.74,55.1,4.0,3252679.18,1378143.0,4.0883,4.9,AI_PROJ_0092,2023-11-01,Completed,1.0,PyTorch + Python,8,True
COMP_0093,Medium,50,29215474.6,292154.75,0.01,Professional Services,12,North America,Private,Growth,Predictive Analytics,Advanced,1274751.57,0.043633,3,True,False,False,0.47,5.0,5.9,0.25,1460773.73,17239.81,0.5797,120.0,AI_PROJ_0093,2023-09-20,Completed,1.0,Apache Spark + Scala,5,False
COMP_0094,Small,4,1041569.9,236051.59,0.2266,Financial Services,33,North America,Private,Mature,Customer Analytics/Personalization,Intermediate,29488.45,0.028312,4,False,False,True,0.71,19.72,33.87,2.807,205357.21,79940.3,4.8374,4.4,AI_PROJ_0094,2022-11-05,Completed,1.0,Azure ML + .NET,5,False
COMP_0095,Small,6,642837.15,10716.85,0.0167,Technology,1,North America,Private,Startup,Supply Chain Optimization,Basic,2588.16,0.004026,3,False,False,True,0.88,5.73,12.21,1.086,36817.0,1308.45,7.3654,23.7,AI_PROJ_0095,2025-02-04,Deployment,0.73,Apache Spark + Scala,22,False
COMP_0096,Large,603,382364468.36,63220979.23,0.1653,Manufacturing,11,Europe,Private,Mature,Predictive Analytics,Advanced,14203192.72,0.037146,19,False,False,False,0.62,5.0,4.92,0.25,19118223.42,3112642.1,0.7826,54.8,AI_PROJ_0096,2022-11-08,Completed,1.0,H2O.ai + R,3,False
COMP_0097,Medium,176,62353596.07,6274002.94,0.1006,Technology,57,Asia-Pacific,Private,Mature,Predictive Analytics,Basic,1623740.23,0.026041,3,True,False,False,0.64,3.71,3.32,0.185,2313000.8,208061.32,0.7763,93.6,AI_PROJ_0097,2023-02-16,Completed,1.0,Azure ML + .NET,9,False
COMP_0098,Large,1104,913318167.6,67382349.59,0.0738,Professional Services,24,Europe,Private,Mature,Computer Vision,Intermediate,44189744.97,0.048384,5,False,False,True,0.34,25.51,38.42,1.182,232964931.78,25890017.07,2.9289,20.5,AI_PROJ_0098,2025-05-08,Development,0.26,Google Cloud AI + Python,18,True
COMP_0099,Small,10,1392397.19,235603.03,0.1692,Transportation/Logistics,6,North America,Private,Mature,Process Automation,Intermediate,28797.19,0.020682,6,False,False,False,0.78,5.0,4.02,0.25,69619.86,9478.22,1.3734,36.5,AI_PROJ_0099,2025-02-08,Deployment,0.74,Scikit-learn + Python,3,True
COMP_0100,Small,35,3765380.3,724713.16,0.1925,Healthcare,4,North America,Private,Startup,Process Automation,Basic,27739.12,0.007367,3,False,False,True,0.68,3.86,5.0,0.587,145164.25,36200.34,3.2691,9.2,AI_PROJ_0100,2025-06-17,Development,0.57,Scikit-learn + Python,4,False
COMP_0101,Small,10,963572.82,18867.94,0.0196,Manufacturing,1,Asia-Pacific,Private,Startup,Process Automation,Basic,15163.92,0.015737,4,True,False,True,0.81,13.92,57.42,1.703,134124.73,10834.9,4.7798,16.8,AI_PROJ_0101,2024-08-27,Completed,1.0,AWS SageMaker + Python,16,False
COMP_0102,Large,1427,1143823724.32,11438237.24,0.01,Retail/E-commerce,15,Asia-Pacific,Private,Mature,Process Automation,Intermediate,31253065.82,0.027323,5,True,False,False,0.55,3.64,3.66,0.182,41683055.51,419099.95,0.6736,120.0,AI_PROJ_0102,2022-11-18,Completed,1.0,DataRobot Platform,4,False
COMP_0103,Small,27,3203842.94,216070.92,0.0674,Manufacturing,6,Asia-Pacific,Private,Mature,Customer Analytics/Personalization,Basic,48378.97,0.0151,3,True,False,True,0.74,11.94,50.5,1.499,382499.24,109110.08,5.0808,5.3,AI_PROJ_0103,2023-05-29,Completed,1.0,Azure ML + .NET,9,True
COMP_0104,Small,49,7343336.44,925037.83,0.126,Government,26,North America,Private,Mature,Fraud Detection/Risk Management,Intermediate,102049.17,0.013897,4,False,False,True,0.54,10.42,11.76,0.549,765281.61,108818.23,4.2827,11.3,AI_PROJ_0104,2023-04-01,Completed,1.0,Google Cloud AI + Python,16,True
COMP_0105,Medium,115,59478088.68,594780.89,0.01,Media/Entertainment,9,North America,Private,Growth,Customer Analytics/Personalization,Advanced,3455621.81,0.058099,5,True,False,True,0.56,38.82,80.0,4.0,23090353.01,475824.71,3.4098,87.1,AI_PROJ_0105,2023-12-04,Completed,1.0,Custom ML Pipeline,4,True
COMP_0106,Small,49,3848667.64,710605.62,0.1846,Technology,4,North America,Public,Startup,Predictive Analytics,Basic,43113.46,0.011202,3,False,True,True,0.74,11.71,15.74,2.011,450833.2,111865.78,6.5258,4.6,AI_PROJ_0106,2025-06-19,Development,0.3,Custom ML Pipeline,4,False
COMP_0107,Medium,50,22027734.37,3762782.88,0.1708,Other,29,Europe,Private,Declining,Computer Vision,Basic,315660.36,0.01433,4,True,False,False,0.46,1.74,1.4,0.087,383448.98,52750.92,0.6909,71.8,AI_PROJ_0107,2023-01-30,Completed,1.0,IBM Watson + Java,15,True
COMP_0108,Small,49,3829990.8,563285.67,0.1471,Technology,3,Europe,Private,Startup,Customer Analytics/Personalization,Intermediate,165139.64,0.043118,3,False,False,True,0.81,28.52,51.91,4.0,1092125.61,292429.26,4.1921,6.8,AI_PROJ_0108,2024-02-15,Completed,1.0,IBM Watson + Java,5,False
COMP_0109,Small,9,745358.94,178963.46,0.2401,Technology,8,Europe,Private,Growth,Process Automation,Intermediate,13878.83,0.01862,6,False,False,True,0.88,13.46,26.55,2.439,100337.55,47513.18,5.3265,3.5,AI_PROJ_0109,2023-05-08,Completed,1.0,Custom ML Pipeline,8,False
COMP_0110,Small,19,2315173.34,179146.97,0.0774,Technology,3,North America,Public,Startup,Computer Vision,Intermediate,62932.53,0.027183,4,False,False,True,0.71,14.37,29.06,1.582,332686.99,52059.95,3.0568,14.5,AI_PROJ_0110,2022-12-04,Completed,1.0,Google Cloud AI + Python,22,False
COMP_0111,Small,28,5219117.67,421117.6,0.0807,Other,20,North America,Private,Growth,Computer Vision,Basic,41866.6,0.008022,3,False,False,False,0.56,3.11,3.36,0.155,162111.48,14162.58,2.1052,35.5,AI_PROJ_0111,2023-10-11,Completed,1.0,Apache Spark + Scala,5,False
COMP_0112,Large,747,555186062.87,55122042.73,0.0993,Media/Entertainment,9,Europe,Private,Growth,Process Automation,Advanced,11629584.0,0.020947,10,True,False,True,0.53,13.55,54.38,0.9,75221649.99,29974304.4,4.5228,4.7,AI_PROJ_0112,2025-01-30,Deployment,0.92,Apache Spark + Scala,9,False
COMP_0113,Medium,55,19423594.0,2316643.3,0.1193,Retail/E-commerce,10,Asia-Pacific,Private,Mature,Computer Vision,Intermediate,1049530.48,0.054034,4,False,False,False,0.48,5.0,5.16,0.25,971179.7,119526.11,0.5196,105.4,AI_PROJ_0113,2023-09-08,Completed,1.0,PyTorch + Python,23,True
COMP_0114,Small,7,978000.72,198428.6,0.2029,Healthcare,36,Europe,Public,Declining,Predictive Analytics,Intermediate,17358.8,0.017749,7,False,False,True,0.54,13.7,23.2,2.104,134006.49,46029.47,5.1857,4.5,AI_PROJ_0114,2023-01-20,Completed,1.0,Apache Spark + Scala,2,False
COMP_0115,Medium,335,91548589.06,10479344.65,0.1145,Technology,17,Europe,Private,Mature,Process Automation,Basic,954960.56,0.010431,3,False,False,True,0.78,6.62,12.99,1.417,6063989.04,1361343.57,3.8878,8.4,AI_PROJ_0115,2024-01-23,Completed,1.0,DataRobot Platform,7,True
COMP_0116,Medium,50,13651373.05,1633354.57,0.1196,Financial Services,2,North America,Private,Startup,Process Automation,Advanced,574573.97,0.042089,5,False,False,True,0.68,25.37,31.81,2.726,3462944.79,519597.21,3.4656,13.3,AI_PROJ_0116,2022-12-12,Completed,1.0,Custom ML Pipeline,17,True
COMP_0117,Small,1,145582.87,23863.49,0.1639,Technology,72,Europe,Private,Mature,Natural Language Processing,Basic,2726.14,0.018726,3,False,True,True,0.81,18.16,29.41,2.651,26432.09,7017.15,6.1349,4.7,AI_PROJ_0117,2024-04-28,Completed,1.0,TensorFlow + Python,2,True
COMP_0118,Small,5,652954.12,60729.0,0.093,Manufacturing,3,Europe,Private,Startup,Process Automation,Basic,9258.84,0.01418,3,False,True,True,0.81,12.01,13.48,1.117,78426.73,8185.27,4.6773,13.6,AI_PROJ_0118,2024-09-14,Completed,1.0,Google Cloud AI + Python,9,False
COMP_0119,Small,49,7593149.79,1049494.55,0.1382,Financial Services,13,Asia-Pacific,Private,Mature,Process Automation,Intermediate,194147.12,0.025569,5,False,False,False,0.78,5.0,5.52,0.25,379657.49,57941.01,1.127,40.2,AI_PROJ_0119,2023-02-28,Completed,1.0,H2O.ai + R,20,False
COMP_0120,Small,40,2333439.46,283488.7,0.1215,Energy/Utilities,3,North America,Private,Startup,Customer Analytics/Personalization,Intermediate,59432.26,0.02547,3,False,False,True,0.58,13.8,21.05,0.862,321956.34,59681.61,3.2107,11.9,AI_PROJ_0120,2025-05-14,Development,0.61,Azure ML + .NET,4,False
COMP_0121,Medium,117,64524340.31,7448051.26,0.1154,Technology,27,Asia-Pacific,Private,Mature,Process Automation,Advanced,997951.02,0.015466,3,False,False,True,0.78,12.6,25.53,1.826,8130163.2,1901630.69,5.0262,6.3,AI_PROJ_0121,2025-03-05,Deployment,0.77,Custom ML Pipeline,8,True
COMP_0122,Medium,50,23103877.73,1446016.68,0.0626,Professional Services,5,North America,Private,Startup,Computer Vision,Basic,52839.22,0.002287,3,False,False,False,0.44,-2.57,-2.54,-0.128,-593615.11,-36721.39,-5.9647,120.0,AI_PROJ_0122,2022-12-01,Completed,1.0,IBM Watson + Java,15,False
COMP_0123,Large,500,409443901.4,75850878.73,0.1853,Media/Entertainment,1,North America,Public,Startup,Computer Vision,Basic,1856425.92,0.004534,3,True,False,True,0.36,4.21,37.01,0.35,17230801.25,28074041.51,12.2022,0.8,AI_PROJ_0123,2023-01-24,Completed,1.0,IBM Watson + Java,2,False
COMP_0124,Small,49,2962325.68,893772.14,0.3017,Financial Services,1,Europe,Private,Growth,Customer Analytics/Personalization,Basic,11807.46,0.003986,3,False,False,False,0.71,0.73,0.84,0.037,21706.51,7501.29,1.2368,18.9,AI_PROJ_0124,2025-05-13,Development,0.3,Custom ML Pipeline,8,False
COMP_0125,Small,39,6836767.63,622471.37,0.091,Government,4,Other,Private,Startup,Process Automation,Intermediate,400302.37,0.058551,3,False,False,False,0.58,5.0,4.93,0.25,341838.38,30708.92,0.4653,120.0,AI_PROJ_0125,2024-01-17,Completed,1.0,Scikit-learn + Python,10,True
COMP_0126,Small,5,993201.24,132423.2,0.1333,Media/Entertainment,9,North America,Public,Growth,Customer Analytics/Personalization,Intermediate,54365.97,0.054738,3,False,True,True,0.66,39.24,60.15,4.0,389760.16,79651.17,4.3171,8.2,AI_PROJ_0126,2024-07-06,Completed,1.0,Azure ML + .NET,5,False
COMP_0127,Small,4,683633.68,165060.32,0.2414,Energy/Utilities,7,North America,Private,Growth,Predictive Analytics,Basic,6533.03,0.009556,3,True,False,False,0.51,2.76,3.27,0.138,18889.42,5396.51,1.8587,14.5,AI_PROJ_0127,2023-01-10,Completed,1.0,DataRobot Platform,10,False
COMP_0128,Large,500,409509796.38,51806809.82,0.1265,Retail/E-commerce,20,Europe,Public,Growth,Process Automation,Intermediate,14007499.57,0.034206,3,False,False,True,0.55,22.87,30.36,1.184,93644364.45,15728492.27,3.9041,10.7,AI_PROJ_0128,2023-05-17,Completed,1.0,Custom ML Pipeline,18,False
COMP_0129,Medium,50,12302994.26,3310229.18,0.2691,Financial Services,29,Asia-Pacific,Private,Mature,Customer Analytics/Personalization,Intermediate,87874.89,0.007143,3,False,False,False,0.61,0.95,0.93,0.048,117119.55,30784.15,0.8416,34.3,AI_PROJ_0129,2023-09-11,Completed,1.0,Custom ML Pipeline,2,False
COMP_0130,Small,18,1079594.59,120538.49,0.1117,Media/Entertainment,6,North America,Private,Mature,Process Automation,Intermediate,63413.09,0.058738,3,False,False,True,0.73,38.52,38.99,2.251,415831.93,47001.63,3.6494,16.2,AI_PROJ_0130,2024-11-19,Deployment,0.84,DataRobot Platform,10,True
COMP_0131,Small,1,86364.39,2992.74,0.0347,Technology,2,North America,Private,Startup,Process Automation,Basic,1613.55,0.018683,3,False,False,True,0.88,13.49,26.68,2.397,11652.64,798.54,3.8583,24.2,AI_PROJ_0131,2023-05-21,Completed,1.0,AWS SageMaker + Python,9,False
COMP_0132,Medium,73,15853815.35,1106955.22,0.0698,Technology,17,North America,Private,Growth,Customer Analytics/Personalization,Basic,293967.46,0.018542,3,False,False,True,0.71,10.9,26.07,1.03,1727288.83,288614.25,3.4288,12.2,AI_PROJ_0132,2025-04-16,Development,0.3,Custom ML Pipeline,3,False
COMP_0133,Medium,76,37260959.36,4494904.83,0.1206,Healthcare,21,North America,Private,Mature,Predictive Analytics,Advanced,799364.05,0.021453,5,True,False,False,0.44,5.0,5.58,0.25,1863047.97,250947.26,1.3223,38.2,AI_PROJ_0133,2024-03-16,Completed,1.0,Custom ML Pipeline,6,False
COMP_0134,Medium,50,13400593.03,134005.93,0.01,Energy/Utilities,13,Europe,Private,Growth,Natural Language Processing,Intermediate,345635.26,0.025793,8,True,False,False,0.48,5.0,4.66,0.25,670029.65,6249.96,0.9783,120.0,AI_PROJ_0134,2024-01-19,Completed,1.0,Custom ML Pipeline,16,False
COMP_0135,Medium,50,16831503.99,1524511.61,0.0906,Energy/Utilities,16,Europe,Private,Mature,Natural Language Processing,Intermediate,270790.73,0.016088,5,False,False,False,0.48,3.06,2.83,0.153,515288.08,43085.62,1.031,75.4,AI_PROJ_0135,2023-01-31,Completed,1.0,AWS SageMaker + Python,5,False
COMP_0136,Small,26,3352346.92,39352.37,0.0117,Retail/E-commerce,19,North America,Private,Growth,Process Automation,Basic,36663.69,0.010937,3,False,False,False,0.75,1.71,1.72,0.086,57437.76,678.15,0.7926,120.0,AI_PROJ_0136,2024-10-07,Deployment,0.9,Scikit-learn + Python,5,False
COMP_0137,Small,8,539146.46,71742.41,0.1331,Financial Services,65,North America,Private,Declining,Other,Intermediate,15532.4,0.028809,3,False,True,False,0.52,5.0,5.4,0.25,26957.32,3874.97,0.9925,48.1,AI_PROJ_0137,2024-12-29,Deployment,0.82,Scikit-learn + Python,20,False
COMP_0138,Medium,50,21059820.47,4072436.86,0.1934,Healthcare,3,Europe,Private,Startup,Process Automation,Intermediate,998447.57,0.04741,7,True,False,False,0.58,5.0,4.31,0.25,1052991.02,175434.02,0.6152,68.3,AI_PROJ_0138,2024-10-05,Deployment,0.85,Scikit-learn + Python,4,False
COMP_0139,Medium,50,17076455.83,1871103.95,0.1096,Professional Services,36,North America,Private,Mature,Natural Language Processing,Basic,317395.13,0.018587,3,True,False,False,0.54,1.74,1.44,0.087,297149.75,26855.42,0.5104,120.0,AI_PROJ_0139,2023-04-17,Completed,1.0,AWS SageMaker + Python,9,True
COMP_0140,Medium,50,31045194.94,466064.51,0.015,Technology,7,Europe,Private,Mature,Process Automation,Intermediate,1110627.16,0.035775,3,True,False,True,0.78,19.09,70.15,2.893,5927432.44,326948.32,2.8157,40.8,AI_PROJ_0140,2024-05-08,Completed,1.0,PyTorch + Python,16,True
COMP_0141,Small,4,629561.22,11535.95,0.0183,Manufacturing,2,North America,Public,Startup,Computer Vision,Intermediate,16928.23,0.026889,3,False,False,True,0.64,13.61,17.53,1.411,85667.0,2022.09,2.59,100.5,AI_PROJ_0141,2024-08-11,Completed,1.0,Custom ML Pipeline,3,False
COMP_0142,Small,20,4070171.02,40701.71,0.01,Manufacturing,9,Asia-Pacific,Public,Growth,Other,Basic,21708.67,0.005334,4,True,False,True,0.55,3.72,47.71,0.357,151565.33,19419.67,3.9382,13.4,AI_PROJ_0142,2023-04-01,Completed,1.0,PyTorch + Python,8,True
COMP_0143,Small,11,567638.69,97267.82,0.1714,Healthcare,30,North America,Private,Mature,Customer Analytics/Personalization,Basic,7226.7,0.012731,5,False,False,False,0.61,5.0,5.77,0.25,28381.93,5609.56,2.3518,15.5,AI_PROJ_0143,2024-03-27,Completed,1.0,H2O.ai + R,22,False
COMP_0144,Small,14,2602759.63,93508.08,0.0359,Manufacturing,48,North America,Private,Mature,Process Automation,Intermediate,84789.63,0.032577,3,False,False,False,0.81,2.66,2.53,0.133,69125.46,2366.36,0.4216,120.0,AI_PROJ_0144,2023-11-10,Completed,1.0,Apache Spark + Scala,5,True
COMP_0145,Small,48,8060324.82,556190.55,0.069,Healthcare,1,Other,Private,Growth,Customer Analytics/Personalization,Basic,68331.03,0.008477,3,False,False,False,0.61,3.45,3.2,0.172,277713.68,17821.2,2.1625,46.0,AI_PROJ_0145,2024-03-09,Completed,1.0,Scikit-learn + Python,8,True
COMP_0146,Small,17,3774850.82,547805.15,0.1451,Technology,19,North America,Private,Mature,Natural Language Processing,Basic,46112.83,0.012216,3,True,False,False,0.81,4.7,5.62,0.235,177400.46,30805.97,2.2576,18.0,AI_PROJ_0146,2025-06-25,Development,0.41,Azure ML + .NET,18,False
COMP_0147,Small,9,1644411.47,315051.27,0.1916,Technology,5,North America,Private,Growth,Process Automation,Basic,28571.92,0.017375,3,False,False,False,0.88,-1.04,-1.12,-0.052,-17061.92,-3522.57,-0.3602,120.0,AI_PROJ_0147,2025-07-02,Planning,0.05,Scikit-learn + Python,4,True
COMP_0148,Medium,94,16671132.61,1580299.73,0.0948,Government,1,Europe,Private,Startup,Customer Analytics/Personalization,Intermediate,771293.84,0.046265,14,False,False,False,0.56,5.0,4.54,0.25,833556.63,71707.61,0.5868,120.0,AI_PROJ_0148,2023-04-10,Completed,1.0,H2O.ai + R,5,True
COMP_0149,Small,1,51974.43,9966.87,0.1918,Manufacturing,2,Europe,Private,Startup,Customer Analytics/Personalization,Intermediate,216.65,0.004168,3,False,False,False,0.74,3.81,4.14,0.19,1979.81,413.09,5.5225,6.3,AI_PROJ_0149,2023-12-21,Completed,1.0,DataRobot Platform,10,True
COMP_0150,Small,8,905824.35,168547.92,0.1861,Technology,10,Europe,Private,Mature,Natural Language Processing,Basic,24169.65,0.026682,3,False,False,True,0.81,20.39,40.86,2.076,184729.19,68862.12,5.2461,4.2,AI_PROJ_0150,2023-10-01,Completed,1.0,Azure ML + .NET,3,True
COMP_0151,Small,35,3545735.58,150059.23,0.0423,Retail/E-commerce,11,Asia-Pacific,Private,Mature,Natural Language Processing,Basic,107134.04,0.030215,5,False,True,True,0.68,32.32,52.76,4.0,1145849.05,79168.56,5.7172,16.2,AI_PROJ_0151,2024-03-01,Completed,1.0,AWS SageMaker + Python,4,False
COMP_0152,Small,4,309750.96,36858.87,0.119,Energy/Utilities,16,North America,Private,Growth,Process Automation,Basic,10153.59,0.03278,5,True,False,True,0.65,15.48,67.78,0.889,47964.23,24984.5,3.5923,4.9,AI_PROJ_0152,2023-01-05,Completed,1.0,Microsoft Power Platform,16,False
COMP_0153,Medium,201,69269917.82,2360940.21,0.0341,Retail/E-commerce,5,Europe,Private,Growth,Natural Language Processing,Intermediate,1077157.77,0.01555,3,True,False,False,0.58,5.0,4.26,0.25,3463495.89,100684.09,1.6544,120.0,AI_PROJ_0153,2024-09-11,Completed,1.0,AWS SageMaker + Python,2,True
COMP_0154,Small,15,1553894.75,24963.54,0.0161,Technology,1,North America,Private,Startup,Customer Analytics/Personalization,Basic,40910.18,0.026328,3,False,False,True,0.81,14.65,25.74,2.838,227621.54,6426.66,2.8605,76.4,AI_PROJ_0154,2024-06-07,Completed,1.0,Azure ML + .NET,4,False
COMP_0155,Small,28,6413068.92,2441702.77,0.3807,Financial Services,19,Asia-Pacific,Private,Growth,Natural Language Processing,Basic,81620.9,0.012727,3,True,False,True,0.71,8.64,45.96,0.922,554280.71,1122160.12,10.2697,0.9,AI_PROJ_0155,2025-05-08,Development,0.45,H2O.ai + R,17,False
COMP_0156,Medium,83,15214244.99,1248885.01,0.0821,Manufacturing,5,Europe,Private,Growth,Computer Vision,Intermediate,527398.57,0.034665,3,True,False,True,0.54,21.78,75.34,2.507,3313393.28,940931.78,4.0333,6.7,AI_PROJ_0156,2024-06-30,Completed,1.0,Custom ML Pipeline,3,False
COMP_0157,Small,47,9095421.82,327984.49,0.0361,Energy/Utilities,5,North America,Private,Growth,Process Automation,Intermediate,227188.13,0.024978,3,False,True,False,0.65,5.0,5.21,0.25,454771.09,17094.07,1.0385,120.0,AI_PROJ_0157,2025-05-13,Development,0.38,AWS SageMaker + Python,9,False
COMP_0158,Small,4,673839.82,128763.48,0.1911,Financial Services,20,Europe,Private,Growth,Process Automation,Basic,25006.66,0.037111,3,False,False,True,0.78,22.3,39.48,1.52,150235.37,50832.9,4.0203,5.9,AI_PROJ_0158,2024-01-08,Completed,1.0,Scikit-learn + Python,23,False
COMP_0159,Small,2,623194.22,117786.71,0.189,Technology,32,Europe,Private,Mature,Process Automation,Intermediate,27762.12,0.044548,3,True,False,True,0.88,26.5,80.0,3.291,165133.24,94229.37,4.6712,3.5,AI_PROJ_0159,2023-11-01,Completed,1.0,Microsoft Power Platform,2,True
COMP_0160,Small,1,108350.95,9068.15,0.0837,Healthcare,7,North America,Private,Mature,Natural Language Processing,Basic,873.12,0.008058,6,True,False,True,0.61,3.88,47.32,0.436,4203.27,4290.6,4.8641,2.4,AI_PROJ_0160,2023-01-18,Completed,1.0,Apache Spark + Scala,8,False
COMP_0161,Medium,309,105062190.93,36050765.45,0.3431,Technology,5,North America,Private,Startup,Supply Chain Optimization,Intermediate,1761094.78,0.016762,4,False,False,False,0.78,1.91,1.9,0.096,2007969.04,685990.94,0.7649,30.8,AI_PROJ_0161,2024-06-05,Completed,1.0,TensorFlow + Python,17,False
COMP_0162,Small,1,201611.49,14862.34,0.0737,Professional Services,63,Asia-Pacific,Private,Mature,Customer Analytics/Personalization,Basic,3065.48,0.015205,3,True,True,True,0.64,21.55,55.03,1.594,43452.93,8178.05,8.4214,4.5,AI_PROJ_0162,2023-01-09,Completed,1.0,AWS SageMaker + Python,5,False
COMP_0163,Large,500,397584479.2,3975844.79,0.01,Transportation/Logistics,4,North America,Private,Startup,Process Automation,Advanced,11804695.79,0.029691,15,False,False,True,0.73,20.04,33.74,1.048,79675045.15,1341264.81,3.4315,105.6,AI_PROJ_0163,2024-11-24,Deployment,0.73,AWS SageMaker + Python,6,False
COMP_0164,Small,16,1479063.67,14790.64,0.01,Manufacturing,1,North America,Private,Startup,Computer Vision,Intermediate,28384.24,0.019191,6,False,False,True,0.64,13.52,18.11,1.423,199979.14,2677.96,3.5699,120.0,AI_PROJ_0164,2024-08-30,Completed,1.0,H2O.ai + R,21,False
COMP_0165,Medium,99,31166566.61,3355240.67,0.1077,Media/Entertainment,2,Europe,Private,Growth,Predictive Analytics,Basic,79833.65,0.002562,3,False,False,True,0.49,0.25,0.37,0.023,77375.26,12538.52,0.5631,76.4,AI_PROJ_0165,2024-12-19,Deployment,0.86,Scikit-learn + Python,3,True
COMP_0166,Small,23,2416217.42,257019.41,0.1064,Education,20,North America,Private,Growth,Fraud Detection/Risk Management,Intermediate,37809.45,0.015648,19,False,False,True,0.74,12.97,13.96,1.318,313385.24,35884.22,4.6188,12.6,AI_PROJ_0166,2024-11-19,Deployment,0.76,IBM Watson + Java,7,False
COMP_0167,Large,4667,2923529515.5,316560670.19,0.1083,Healthcare,19,Europe,Public,Growth,Process Automation,Advanced,150439673.89,0.051458,16,True,False,False,0.63,5.0,5.03,0.25,146176475.78,15933306.34,0.5388,113.3,AI_PROJ_0167,2024-03-22,Completed,1.0,DataRobot Platform,11,False
COMP_0168,Medium,50,10532642.55,1035980.67,0.0984,Financial Services,8,North America,Private,Growth,Process Automation,Intermediate,147140.23,0.01397,4,False,False,True,0.68,9.98,14.88,1.51,1051257.5,154120.62,4.096,11.5,AI_PROJ_0168,2025-08-13,Planning,0.06,Microsoft Power Platform,2,False
COMP_0169,Medium,164,34143081.5,3303550.39,0.0968,Retail/E-commerce,3,Asia-Pacific,Private,Startup,Process Automation,Intermediate,508701.27,0.014899,3,False,False,True,0.65,3.24,4.03,0.395,1106928.75,133071.59,1.2188,45.9,AI_PROJ_0169,2025-06-22,Development,0.63,Google Cloud AI + Python,5,True
COMP_0170,Small,13,2773081.51,430460.03,0.1552,Technology,7,Asia-Pacific,Private,Mature,Natural Language Processing,Basic,20270.31,0.00731,3,True,False,True,0.81,7.5,56.0,0.845,207891.03,241070.97,11.0744,1.0,AI_PROJ_0170,2022-11-19,Completed,1.0,AWS SageMaker + Python,23,False
COMP_0171,Large,3685,3212813623.46,274630859.05,0.0855,Healthcare,44,North America,Private,Mature,Customer Analytics/Personalization,Basic,10751651.67,0.003346,3,True,False,False,0.41,2.74,2.36,0.137,88157916.65,6485978.33,4.4014,19.9,AI_PROJ_0171,2024-02-15,Completed,1.0,Scikit-learn + Python,4,False
COMP_0172,Medium,100,58437002.03,584370.02,0.01,Technology,1,North America,Public,Startup,Customer Analytics/Personalization,Intermediate,2441866.02,0.041786,3,True,False,True,0.71,26.23,80.0,2.659,15327986.25,467496.02,3.2343,62.7,AI_PROJ_0172,2025-02-03,Deployment,0.91,Google Cloud AI + Python,8,True
COMP_0173,Small,4,319073.69,24946.61,0.0782,Energy/Utilities,2,North America,Private,Startup,Process Automation,Intermediate,10539.18,0.033031,4,True,True,False,0.65,1.92,1.55,0.096,6129.71,387.59,0.3092,120.0,AI_PROJ_0173,2025-06-21,Development,0.26,AWS SageMaker + Python,15,False
COMP_0174,Small,6,410255.86,74882.82,0.1825,Media/Entertainment,33,North America,Private,Mature,Computer Vision,Basic,5518.48,0.013451,3,False,True,False,0.56,0.93,1.12,0.046,3815.17,835.31,0.4214,79.3,AI_PROJ_0174,2024-11-25,Deployment,0.8,DataRobot Platform,4,False
COMP_0175,Small,3,217316.13,18676.02,0.0859,Technology,30,Europe,Private,Mature,Natural Language Processing,Basic,5480.21,0.025218,3,True,False,True,0.81,13.55,80.0,1.438,29450.59,14940.82,4.0502,4.4,AI_PROJ_0175,2024-07-01,Completed,1.0,AWS SageMaker + Python,9,True
COMP_0176,Small,27,1371808.42,181650.13,0.1324,Energy/Utilities,1,North America,Private,Startup,Natural Language Processing,Basic,6505.82,0.004743,5,True,False,False,0.58,1.18,1.36,0.059,16233.59,2469.9,1.4374,31.6,AI_PROJ_0176,2024-06-27,Completed,1.0,DataRobot Platform,9,False
COMP_0177,Small,7,964047.49,166940.29,0.1732,Healthcare,4,Other,Public,Startup,Supply Chain Optimization,Basic,11271.26,0.011692,3,True,False,True,0.68,7.12,46.82,0.6,68676.88,78153.19,6.5135,1.7,AI_PROJ_0177,2023-03-05,Completed,1.0,H2O.ai + R,3,False
COMP_0178,Small,1,185811.15,14820.26,0.0798,Retail/E-commerce,1,Asia-Pacific,Private,Startup,Other,Basic,1757.09,0.009456,3,False,True,True,0.49,6.24,6.59,0.826,11600.63,976.45,3.579,21.6,AI_PROJ_0178,2024-01-07,Completed,1.0,TensorFlow + Python,7,True
COMP_0179,Small,10,821226.56,33175.49,0.0404,Professional Services,7,Other,Public,Mature,Customer Analytics/Personalization,Basic,11562.81,0.01408,3,False,True,True,0.64,17.48,24.58,1.181,143582.01,8153.55,6.5614,17.0,AI_PROJ_0179,2024-06-16,Completed,1.0,Azure ML + .NET,10,False
COMP_0180,Large,500,331132760.7,9379474.13,0.0283,Education,1,Europe,Public,Startup,Predictive Analytics,Basic,2425482.78,0.007325,3,True,True,False,0.29,-2.54,-2.69,-0.127,-8404457.14,-252579.12,-1.7846,120.0,AI_PROJ_0180,2023-08-22,Completed,1.0,PyTorch + Python,5,False
COMP_0181,Small,9,1580446.85,223662.07,0.1415,Education,1,Asia-Pacific,Private,Growth,Computer Vision,Basic,7149.16,0.004524,11,False,False,False,0.46,2.26,1.96,0.113,35795.42,4383.57,2.81,19.6,AI_PROJ_0181,2023-05-30,Completed,1.0,Scikit-learn + Python,6,False
COMP_0182,Small,4,482389.64,67410.34,0.1397,Retail/E-commerce,8,North America,Private,Mature,Process Automation,Basic,6350.32,0.013164,3,False,False,True,0.75,4.1,6.78,0.434,19791.15,4569.89,1.9181,16.7,AI_PROJ_0182,2025-05-24,Development,0.7,Apache Spark + Scala,8,False
COMP_0183,Large,500,195098432.36,16016482.89,0.0821,Other,15,Europe,Private,Mature,Customer Analytics/Personalization,Intermediate,4682385.63,0.024,12,False,False,False,0.46,2.64,2.84,0.132,5155030.85,454094.52,0.599,120.0,AI_PROJ_0183,2022-11-28,Completed,1.0,Custom ML Pipeline,3,True
COMP_0184,Small,1,151422.87,22657.44,0.1496,Financial Services,1,North America,Private,Growth,Computer Vision,Basic,2943.14,0.019437,3,False,False,True,0.61,11.76,20.45,1.336,17813.0,4632.98,3.8133,7.6,AI_PROJ_0184,2025-07-29,Planning,0.18,IBM Watson + Java,10,False
COMP_0185,Medium,94,39275024.97,1996927.55,0.0508,Professional Services,7,Asia-Pacific,Private,Growth,Process Automation,Intermediate,714466.59,0.018191,4,False,False,True,0.61,13.46,20.46,0.911,5287612.37,408549.07,3.9863,21.0,AI_PROJ_0185,2023-02-18,Completed,1.0,TensorFlow + Python,17,False
COMP_0186,Small,39,6455728.84,118308.28,0.0183,Financial Services,16,Asia-Pacific,Private,Growth,Supply Chain Optimization,Basic,174941.4,0.027099,4,False,True,False,0.78,5.0,4.44,0.25,322786.44,5258.29,0.9376,120.0,AI_PROJ_0186,2025-08-13,Planning,0.2,Azure ML + .NET,3,False
COMP_0187,Small,41,9864124.69,866129.3,0.0878,Healthcare,2,North America,Public,Growth,Process Automation,Basic,112585.8,0.011414,5,False,False,True,0.68,3.3,5.64,0.333,325640.6,48857.87,1.6632,27.7,AI_PROJ_0187,2024-02-29,Completed,1.0,Scikit-learn + Python,7,True
COMP_0188,Small,49,5044716.91,613769.01,0.1217,Technology,3,North America,Private,Growth,Computer Vision,Intermediate,210345.65,0.041696,4,False,False,True,0.71,25.79,54.47,4.0,1300830.36,334310.27,3.8868,7.6,AI_PROJ_0188,2023-04-11,Completed,1.0,Custom ML Pipeline,22,False
COMP_0189,Small,22,3082127.79,285549.62,0.0926,Media/Entertainment,3,North America,Private,Startup,Customer Analytics/Personalization,Intermediate,22593.75,0.007331,3,False,False,True,0.66,1.98,2.58,0.123,61165.09,7378.41,1.5169,36.7,AI_PROJ_0189,2023-09-09,Completed,1.0,Apache Spark + Scala,3,False
COMP_0190,Medium,173,41439452.28,6739571.96,0.1626,Technology,1,North America,Private,Startup,Process Automation,Intermediate,475294.59,0.01147,3,True,False,True,0.78,7.92,59.72,1.157,3281649.72,4024897.55,7.6863,1.4,AI_PROJ_0190,2023-08-17,Completed,1.0,Microsoft Power Platform,6,False
COMP_0191,Small,15,1911489.01,97643.86,0.0511,Education,8,Europe,Private,Growth,Customer Analytics/Personalization,Basic,46173.82,0.024156,3,False,False,True,0.56,18.52,25.85,1.59,353958.48,25242.97,4.1062,22.0,AI_PROJ_0191,2022-12-17,Completed,1.0,PyTorch + Python,11,True
COMP_0192,Small,8,1667200.21,315334.85,0.1891,Technology,10,North America,Public,Mature,Computer Vision,Intermediate,13111.09,0.007864,5,False,False,True,0.71,-2.69,-5.79,-0.284,-44916.36,-18265.92,-2.4095,120.0,AI_PROJ_0192,2023-06-30,Completed,1.0,H2O.ai + R,3,True
COMP_0193,Small,5,764955.15,56477.06,0.0738,Manufacturing,1,Europe,Private,Growth,Process Automation,Basic,3429.15,0.004483,4,True,False,False,0.81,-0.4,-0.4,-0.02,-3043.03,-223.48,-0.4763,120.0,AI_PROJ_0193,2023-01-28,Completed,1.0,H2O.ai + R,11,True
COMP_0194,Medium,294,82245919.96,10473405.74,0.1273,Technology,39,Europe,Private,Mature,Process Automation,Advanced,2422781.45,0.029458,6,False,False,False,0.78,1.52,1.42,0.076,1250642.72,148488.63,0.2887,120.0,AI_PROJ_0194,2023-01-28,Completed,1.0,DataRobot Platform,10,False
COMP_0195,Large,1714,572596055.68,59157453.28,0.1033,Retail/E-commerce,38,North America,Private,Mature,Process Automation,Basic,4852570.77,0.008475,3,False,False,True,0.55,2.75,4.66,0.169,15763645.08,2753869.95,1.908,21.1,AI_PROJ_0195,2022-11-18,Completed,1.0,Microsoft Power Platform,5,True
COMP_0196,Medium,50,26991814.32,6829944.99,0.253,Technology,11,Other,Private,Mature,Process Automation,Intermediate,540690.45,0.020032,3,True,True,True,0.78,18.86,80.0,3.58,5090309.23,5463955.99,9.76,1.2,AI_PROJ_0196,2023-11-08,Completed,1.0,PyTorch + Python,4,False
COMP_0197,Medium,80,18856600.51,2291966.85,0.1215,Healthcare,2,Asia-Pacific,Private,Startup,Process Automation,Intermediate,927538.31,0.049189,3,False,False,True,0.58,27.16,44.12,3.822,5121191.93,1011313.23,3.3058,11.0,AI_PROJ_0197,2024-02-25,Completed,1.0,IBM Watson + Java,21,False
COMP_0198,Medium,97,35008951.28,3596434.94,0.1027,Technology,1,Europe,Public,Growth,Process Automation,Intermediate,389413.93,0.011123,3,False,False,True,0.78,8.14,12.53,0.811,2848867.87,450796.43,4.2367,10.4,AI_PROJ_0198,2025-07-03,Planning,0.12,Custom ML Pipeline,3,False
COMP_0199,Small,45,6129191.03,792285.83,0.1293,Media/Entertainment,6,North America,Private,Growth,Fraud Detection/Risk Management,Basic,199601.0,0.032566,9,False,False,True,0.69,22.43,35.25,1.844,1374975.56,279270.82,4.1439,8.6,AI_PROJ_0199,2024-03-23,Completed,1.0,Azure ML + .NET,4,False
COMP_0200,Small,3,279317.25,40434.03,0.1448,Financial Services,4,Europe,Private,Startup,Process Automation,Basic,3131.18,0.01121,12,False,False,True,0.78,7.56,10.35,0.528,21109.07,4184.54,4.039,9.0,AI_PROJ_0200,2022-10-16,Completed,1.0,Scikit-learn + Python,21,True
COMP_0201,Medium,50,25849758.89,2146361.85,0.083,Retail/E-commerce,16,North America,Private,Growth,Process Automation,Advanced,684938.17,0.026497,3,True,False,False,0.65,4.03,3.81,0.202,1041847.84,81720.16,0.8202,100.6,AI_PROJ_0201,2025-04-28,Development,0.58,Apache Spark + Scala,2,False
COMP_0202,Small,23,4262272.26,1328246.63,0.3116,Technology,2,Europe,Private,Growth,Process Automation,Basic,119337.02,0.027998,3,False,False,True,0.88,13.49,25.58,1.514,574978.3,339721.79,3.8324,4.2,AI_PROJ_0202,2023-05-03,Completed,1.0,Apache Spark + Scala,10,False
COMP_0203,Small,41,2725579.29,313572.14,0.115,Manufacturing,5,Europe,Private,Startup,Process Automation,Basic,84157.91,0.030877,3,True,False,False,0.81,5.0,5.3,0.25,136278.96,16620.92,0.9084,60.8,AI_PROJ_0203,2023-10-24,Completed,1.0,AWS SageMaker + Python,17,True
COMP_0204,Small,49,3104814.81,278688.31,0.0898,Healthcare,1,North America,Private,Growth,Customer Analytics/Personalization,Basic,19013.11,0.006124,3,False,True,False,0.61,0.85,0.99,0.043,26493.74,2769.36,0.7696,82.4,AI_PROJ_0204,2023-05-17,Completed,1.0,Microsoft Power Platform,4,False
COMP_0205,Large,4126,3063001051.86,459998741.49,0.1502,Technology,7,Europe,Private,Growth,Customer Analytics/Personalization,Advanced,82285615.51,0.026864,3,True,False,False,0.61,4.53,3.97,0.227,138762531.69,18259969.09,0.9541,54.1,AI_PROJ_0205,2023-07-21,Completed,1.0,Microsoft Power Platform,9,False
COMP_0206,Small,41,9209198.29,1477437.32,0.1604,Transportation/Logistics,16,Europe,Private,Mature,Predictive Analytics,Basic,35598.53,0.003866,3,True,True,True,0.64,7.12,53.68,0.798,655628.12,793127.92,20.3485,0.5,AI_PROJ_0206,2023-07-27,Completed,1.0,H2O.ai + R,21,False
COMP_0207,Small,6,833128.25,125581.42,0.1507,Media/Entertainment,22,North America,Private,Mature,Natural Language Processing,Basic,11645.89,0.013979,3,False,False,True,0.66,9.47,12.86,0.846,78857.18,16148.11,4.0789,8.7,AI_PROJ_0207,2024-10-31,Deployment,0.81,IBM Watson + Java,2,True
COMP_0208,Medium,499,152472578.91,15852002.41,0.104,Transportation/Logistics,7,North America,Private,Growth,Natural Language Processing,Basic,3548301.82,0.023272,3,False,False,False,0.61,3.23,3.16,0.161,4922835.52,501060.82,0.7643,85.0,AI_PROJ_0208,2024-05-29,Completed,1.0,IBM Watson + Java,5,False
COMP_0209,Medium,58,22775156.09,3441748.46,0.1511,Technology,9,Europe,Private,Growth,Computer Vision,Basic,78488.42,0.003446,3,False,False,False,0.61,-4.09,-3.67,-0.204,-931064.69,-126442.85,-6.7367,120.0,AI_PROJ_0209,2023-05-13,Completed,1.0,Scikit-learn + Python,10,False
COMP_0210,Small,49,5623332.27,1129654.75,0.2009,Energy/Utilities,19,Europe,Private,Growth,Customer Analytics/Personalization,Basic,138611.22,0.024649,3,False,True,True,0.58,23.14,27.6,1.305,1301220.12,311765.39,5.8184,5.3,AI_PROJ_0210,2024-04-13,Completed,1.0,TensorFlow + Python,4,True
COMP_0211,Small,4,993301.71,114252.94,0.115,Financial Services,10,Other,Private,Growth,Process Automation,Basic,34344.67,0.034576,7,False,True,True,0.78,26.4,39.1,2.274,262249.19,44670.53,4.4682,9.2,AI_PROJ_0211,2023-07-03,Completed,1.0,Azure ML + .NET,9,False
COMP_0212,Small,11,2323333.9,442366.69,0.1904,Technology,86,North America,Private,Declining,Process Automation,Basic,25371.57,0.01092,3,False,False,True,0.88,7.46,15.44,1.577,173232.81,68310.1,4.7601,4.5,AI_PROJ_0212,2023-09-27,Completed,1.0,PyTorch + Python,11,False
COMP_0213,Small,3,385121.92,32683.35,0.0849,Manufacturing,1,North America,Private,Growth,Customer Analytics/Personalization,Intermediate,6168.63,0.016017,3,False,False,True,0.74,9.7,14.47,0.435,37361.83,4730.03,3.4118,15.6,AI_PROJ_0213,2022-10-28,Completed,1.0,Azure ML + .NET,4,True
COMP_0214,Small,4,335221.51,9599.21,0.0286,Education,1,North America,Public,Startup,Natural Language Processing,Intermediate,13985.9,0.041721,7,False,True,True,0.56,30.9,45.38,1.721,103587.97,4356.44,3.859,38.5,AI_PROJ_0214,2023-09-14,Completed,1.0,DataRobot Platform,9,True
COMP_0215,Small,31,4231224.86,159233.57,0.0376,Transportation/Logistics,3,Asia-Pacific,Public,Startup,Customer Analytics/Personalization,Intermediate,86723.2,0.020496,17,False,False,True,0.86,14.7,18.11,1.697,621916.73,28829.98,3.7519,36.1,AI_PROJ_0215,2022-12-06,Completed,1.0,Custom ML Pipeline,24,True
COMP_0216,Small,3,569766.13,97137.37,0.1705,Financial Services,7,North America,Private,Growth,Process Automation,Intermediate,25869.75,0.045404,5,False,True,True,0.78,30.78,51.17,3.288,175357.45,49705.55,4.3499,6.2,AI_PROJ_0216,2023-08-09,Completed,1.0,Azure ML + .NET,4,False
COMP_0217,Small,17,2920539.13,391899.8,0.1342,Healthcare,3,Europe,Private,Startup,Natural Language Processing,Basic,22398.04,0.007669,5,False,False,True,0.61,11.0,16.86,1.172,321200.62,66073.56,8.6453,4.1,AI_PROJ_0217,2023-01-06,Completed,1.0,Scikit-learn + Python,6,False
COMP_0218,Medium,128,54766363.22,2826132.24,0.0516,Retail/E-commerce,7,North America,Private,Growth,Predictive Analytics,Intermediate,1856873.74,0.033905,3,True,False,False,0.51,5.0,5.37,0.25,2738318.16,151803.59,0.7782,120.0,AI_PROJ_0218,2022-11-23,Completed,1.0,H2O.ai + R,22,False
COMP_0219,Small,6,537146.5,39074.11,0.0727,Healthcare,2,North America,Private,Startup,Process Automation,Basic,6071.76,0.011304,3,True,True,True,0.68,9.43,56.8,0.738,50631.81,22195.12,5.9972,3.3,AI_PROJ_0219,2023-09-23,Completed,1.0,Scikit-learn + Python,3,False
COMP_0220,Medium,90,24010321.69,1379773.12,0.0575,Manufacturing,17,North America,Private,Mature,Customer Analytics/Personalization,Intermediate,596635.21,0.024849,3,True,False,True,0.64,12.47,62.84,0.842,2994223.12,867063.78,3.2359,8.3,AI_PROJ_0220,2022-12-24,Completed,1.0,AWS SageMaker + Python,7,False
COMP_0221,Small,30,4915998.09,252520.73,0.0514,Energy/Utilities,1,North America,Private,Startup,Natural Language Processing,Intermediate,77719.67,0.01581,4,False,False,True,0.58,13.73,20.51,1.585,674741.6,51788.81,4.674,18.0,AI_PROJ_0221,2023-07-26,Completed,1.0,Apache Spark + Scala,9,True
COMP_0222,Medium,142,63466245.13,12934634.45,0.2038,Energy/Utilities,8,Europe,Public,Mature,Process Automation,Intermediate,542068.28,0.008541,4,False,False,True,0.55,7.7,13.72,0.643,4889018.96,1774352.37,6.1462,3.7,AI_PROJ_0222,2025-08-15,Planning,0.15,Google Cloud AI + Python,4,True
COMP_0223,Small,49,10821846.75,1667972.54,0.1541,Technology,2,North America,Private,Startup,Process Automation,Intermediate,342883.7,0.031684,3,True,True,True,0.88,29.01,80.0,4.0,3139003.54,1334378.03,6.5232,3.1,AI_PROJ_0223,2023-12-17,Completed,1.0,Apache Spark + Scala,4,False
COMP_0224,Small,9,1274842.64,123738.7,0.0971,Healthcare,20,North America,Private,Growth,Natural Language Processing,Basic,42926.06,0.033672,3,False,False,True,0.61,26.11,50.81,1.894,332905.17,62871.42,4.61,8.2,AI_PROJ_0224,2023-03-01,Completed,1.0,Microsoft Power Platform,8,False
COMP_0225,Large,1124,814047480.12,47295971.19,0.0581,Education,6,Europe,Private,Mature,Fraud Detection/Risk Management,Advanced,9246031.92,0.011358,14,False,False,True,0.54,2.84,4.51,0.314,23081576.13,2134406.11,1.3636,52.0,AI_PROJ_0225,2023-10-18,Completed,1.0,AWS SageMaker + Python,4,False
COMP_0226,Small,4,598825.48,67557.37,0.1128,Financial Services,6,North America,Private,Growth,Process Automation,Intermediate,5955.15,0.009945,3,False,False,False,0.78,3.04,3.02,0.152,18180.89,2037.49,1.6976,35.1,AI_PROJ_0226,2022-10-09,Completed,1.0,Custom ML Pipeline,11,True
COMP_0227,Small,2,164808.28,19162.67,0.1163,Technology,4,North America,Private,Growth,Computer Vision,Basic,2810.88,0.017055,3,False,False,True,0.71,12.29,25.09,0.955,20259.71,4808.31,4.4591,7.0,AI_PROJ_0227,2025-06-13,Development,0.57,Custom ML Pipeline,13,False
COMP_0228,Small,2,158923.65,33907.68,0.2134,Technology,1,Europe,Private,Growth,Customer Analytics/Personalization,Basic,1262.76,0.007946,3,False,False,False,0.81,3.69,3.9,0.184,5863.54,1321.73,2.8451,11.5,AI_PROJ_0228,2022-11-20,Completed,1.0,TensorFlow + Python,4,False
COMP_0229,Small,4,1100088.15,141131.0,0.1283,Financial Services,30,North America,Private,Declining,Process Automation,Basic,6296.3,0.005723,5,False,True,True,0.78,14.25,18.49,1.318,156725.75,26097.97,14.5183,2.9,AI_PROJ_0229,2023-05-27,Completed,1.0,H2O.ai + R,8,False
COMP_0230,Small,13,1172650.46,344688.97,0.2939,Technology,4,North America,Private,Growth,Fraud Detection/Risk Management,Intermediate,65972.9,0.05626,3,False,False,True,0.84,32.72,55.64,4.0,383669.81,191769.92,4.3612,4.1,AI_PROJ_0230,2023-02-19,Completed,1.0,PyTorch + Python,23,True
COMP_0231,Small,5,992613.1,103024.17,0.1038,Financial Services,25,Other,Private,Mature,Other,Basic,17468.48,0.017598,3,False,False,True,0.52,16.87,30.13,1.69,167418.3,31037.52,5.6804,6.8,AI_PROJ_0231,2025-04-25,Development,0.67,IBM Watson + Java,4,False
COMP_0232,Small,21,4165446.14,694768.27,0.1668,Technology,11,Asia-Pacific,Private,Growth,Process Automation,Basic,27978.22,0.006717,3,False,False,True,0.88,1.79,3.67,0.148,74579.12,25479.33,1.7881,13.2,AI_PROJ_0232,2024-09-01,Completed,1.0,TensorFlow + Python,7,False
COMP_0233,Medium,50,19077416.47,190774.16,0.01,Manufacturing,21,North America,Private,Mature,Process Automation,Intermediate,463243.16,0.024282,5,True,False,False,0.71,1.95,1.61,0.097,371965.92,3075.4,0.4048,120.0,AI_PROJ_0233,2025-05-16,Development,0.36,H2O.ai + R,12,False
COMP_0234,Small,21,4362695.6,1016894.11,0.2331,Technology,24,North America,Private,Mature,Customer Analytics/Personalization,Basic,76751.38,0.017593,3,False,False,True,0.81,13.29,27.27,2.238,579912.19,277259.12,5.5841,3.3,AI_PROJ_0234,2023-10-01,Completed,1.0,Azure ML + .NET,4,True
COMP_0235,Medium,123,76560792.05,9403141.31,0.1228,Financial Services,21,North America,Private,Mature,Supply Chain Optimization,Intermediate,1574340.54,0.020563,3,False,False,True,0.68,16.1,19.83,2.453,12329648.65,1864238.65,4.5079,10.1,AI_PROJ_0235,2023-04-22,Completed,1.0,Custom ML Pipeline,11,False
COMP_0236,Medium,202,98863401.75,1853614.12,0.0187,Financial Services,1,Other,Private,Startup,Other,Basic,811538.45,0.008209,3,True,False,True,0.42,7.51,57.35,0.642,7429530.15,1063054.94,5.2324,9.2,AI_PROJ_0236,2023-10-22,Completed,1.0,Azure ML + .NET,22,False
COMP_0237,Large,2431,1160368621.31,14715035.81,0.0127,Financial Services,1,Asia-Pacific,Private,Startup,Natural Language Processing,Basic,8356330.78,0.007201,3,False,False,False,0.51,3.6,4.28,0.18,41783497.65,629921.96,2.5378,120.0,AI_PROJ_0237,2025-06-17,Development,0.5,TensorFlow + Python,3,True
COMP_0238,Small,4,842867.56,160270.2,0.1901,Technology,32,North America,Private,Mature,Supply Chain Optimization,Basic,8341.22,0.009896,3,False,False,True,0.88,10.48,24.45,1.702,88296.32,39188.45,7.6419,2.6,AI_PROJ_0238,2025-02-23,Deployment,0.84,AWS SageMaker + Python,11,True
COMP_0239,Medium,75,17326558.32,1535873.02,0.0886,Healthcare,16,North America,Private,Growth,Customer Analytics/Personalization,Basic,57746.05,0.003333,3,True,False,False,0.51,-3.9,-3.34,-0.195,-676565.29,-51348.5,-6.3027,120.0,AI_PROJ_0239,2024-09-06,Completed,1.0,IBM Watson + Java,24,False
COMP_0240,Large,7707,4918910843.27,479773831.95,0.0975,Manufacturing,11,North America,Public,Growth,Process Automation,Intermediate,133796439.52,0.0272,8,True,False,True,0.61,13.14,59.69,0.883,646140424.44,286374786.89,3.4848,5.6,AI_PROJ_0240,2025-01-11,Deployment,0.87,Scikit-learn + Python,5,False
COMP_0241,Small,8,598504.03,101046.09,0.1688,Government,9,Europe,Private,Growth,Process Automation,Basic,7124.02,0.011903,3,True,False,False,0.58,0.55,0.59,0.028,3296.67,599.74,0.2735,120.0,AI_PROJ_0241,2024-08-11,Completed,1.0,TensorFlow + Python,8,True
COMP_0242,Small,12,2017407.97,45082.25,0.0223,Manufacturing,12,Europe,Private,Growth,Natural Language Processing,Intermediate,29796.84,0.01477,3,True,False,True,0.74,10.01,48.78,0.813,202018.66,21990.32,3.7589,16.3,AI_PROJ_0242,2024-09-26,Completed,1.0,H2O.ai + R,10,False
COMP_0243,Small,5,877989.5,100009.56,0.1139,Retail/E-commerce,22,Asia-Pacific,Private,Mature,Process Automation,Basic,15073.88,0.017169,3,False,True,True,0.75,12.27,16.18,0.766,107703.6,16179.67,4.1092,11.2,AI_PROJ_0243,2024-02-10,Completed,1.0,Scikit-learn + Python,3,False
COMP_0244,Small,43,8417781.45,643437.98,0.0764,Retail/E-commerce,13,North America,Private,Growth,Customer Analytics/Personalization,Intermediate,176530.18,0.020971,4,False,True,True,0.68,21.84,26.9,2.013,1838259.74,173053.76,5.6968,12.2,AI_PROJ_0244,2024-04-15,Completed,1.0,Custom ML Pipeline,10,False
COMP_0245,Medium,240,86882329.12,9937753.73,0.1144,Manufacturing,1,Asia-Pacific,Private,Startup,Natural Language Processing,Intermediate,2771954.91,0.031905,5,True,False,False,0.64,5.0,5.69,0.25,4344116.46,565567.74,0.8856,58.8,AI_PROJ_0245,2023-03-22,Completed,1.0,Microsoft Power Platform,23,False
COMP_0246,Medium,105,47536243.05,11346120.39,0.2387,Energy/Utilities,5,North America,Private,Startup,Computer Vision,Intermediate,520739.85,0.010955,5,False,False,False,0.38,-1.45,-1.31,-0.072,-687814.63,-149178.54,-0.8037,120.0,AI_PROJ_0246,2024-10-21,Deployment,0.85,TensorFlow + Python,2,False
COMP_0247,Large,2430,2079268078.96,323836499.74,0.1557,Healthcare,4,Asia-Pacific,Private,Startup,Predictive Analytics,Intermediate,81843742.43,0.039362,3,True,False,False,0.34,5.0,5.92,0.25,103963403.95,19165371.34,0.7522,51.2,AI_PROJ_0247,2023-05-06,Completed,1.0,Azure ML + .NET,5,False
COMP_0248,Small,3,255798.86,35373.23,0.1383,Retail/E-commerce,1,North America,Private,Growth,Customer Analytics/Personalization,Intermediate,13032.62,0.050949,3,True,False,True,0.68,32.69,80.0,3.646,83613.19,28298.58,4.2935,5.5,AI_PROJ_0248,2024-12-08,Deployment,0.83,Google Cloud AI + Python,20,False
COMP_0249,Small,34,7308570.46,147742.06,0.0202,Technology,1,Europe,Private,Startup,Computer Vision,Basic,152678.13,0.02089,3,False,False,False,0.71,5.0,4.74,0.25,365428.52,7006.24,1.2197,120.0,AI_PROJ_0249,2025-08-20,Planning,0.07,TensorFlow + Python,5,False
COMP_0250,Small,9,1005759.58,50407.19,0.0501,Professional Services,3,Asia-Pacific,Private,Growth,Predictive Analytics,Basic,13574.47,0.013497,3,False,False,False,0.57,1.29,1.19,0.064,12940.73,602.01,0.4988,120.0,AI_PROJ_0250,2023-11-11,Completed,1.0,Google Cloud AI + Python,11,False
COMP_0251,Small,6,480939.16,11764.43,0.0245,Retail/E-commerce,6,Europe,Private,Growth,Predictive Analytics,Basic,16255.11,0.033799,3,True,False,False,0.61,5.0,5.28,0.25,24046.96,621.21,0.7588,120.0,AI_PROJ_0251,2023-03-27,Completed,1.0,AWS SageMaker + Python,24,True
COMP_0252,Small,5,418651.03,53457.26,0.1277,Technology,25,Asia-Pacific,Private,Mature,Predictive Analytics,Intermediate,6716.98,0.016044,3,False,False,True,0.74,11.65,26.69,1.724,48773.04,14265.69,4.6925,5.7,AI_PROJ_0252,2023-03-25,Completed,1.0,AWS SageMaker + Python,3,False
COMP_0253,Small,49,6203581.89,62035.82,0.01,Financial Services,2,Europe,Private,Growth,Process Automation,Basic,56303.03,0.009076,8,True,False,False,0.78,2.51,2.1,0.125,155419.99,1305.52,1.3918,120.0,AI_PROJ_0253,2023-07-09,Completed,1.0,DataRobot Platform,7,False
COMP_0254,Small,21,2890475.82,289272.46,0.1001,Technology,1,North America,Private,Startup,Process Automation,Basic,21323.21,0.007377,3,False,False,True,0.88,10.19,19.34,1.916,294403.36,55936.22,8.215,4.6,AI_PROJ_0254,2023-03-15,Completed,1.0,Scikit-learn + Python,15,True
COMP_0255,Medium,54,28363440.83,6616519.49,0.2333,Technology,9,Europe,Private,Mature,Process Automation,Basic,395061.69,0.013929,3,False,False,True,0.78,8.45,18.01,1.41,2396103.15,1191932.63,4.5411,4.0,AI_PROJ_0255,2024-03-18,Completed,1.0,PyTorch + Python,5,False
COMP_0256,Medium,50,15256900.51,1863676.99,0.1222,Retail/E-commerce,29,North America,Public,Mature,Natural Language Processing,Intermediate,388102.41,0.025438,4,True,False,True,0.58,12.79,57.8,1.355,1951508.43,1077117.56,3.9018,4.3,AI_PROJ_0256,2023-08-21,Completed,1.0,Microsoft Power Platform,9,False
COMP_0257,Medium,323,123746283.01,30645922.4,0.2477,Technology,9,Europe,Private,Growth,Process Automation,Intermediate,3020483.47,0.024409,10,False,True,True,0.78,20.51,38.1,3.121,25381825.17,11677545.59,6.1347,3.1,AI_PROJ_0257,2025-06-14,Development,0.67,Microsoft Power Platform,11,True
COMP_0258,Small,25,2560813.34,480129.23,0.1875,Healthcare,2,Europe,Private,Startup,Predictive Analytics,Basic,59339.27,0.023172,3,True,True,True,0.54,22.4,72.29,2.146,573554.38,347090.02,7.7575,2.1,AI_PROJ_0258,2023-05-07,Completed,1.0,DataRobot Platform,2,False
COMP_0259,Small,27,1741150.81,452195.99,0.2597,Financial Services,7,North America,Private,Growth,Natural Language Processing,Basic,14745.71,0.008469,3,False,False,True,0.71,13.98,21.9,1.929,243383.96,99011.52,11.61,1.8,AI_PROJ_0259,2023-12-19,Completed,1.0,PyTorch + Python,10,False
COMP_0260,Small,23,1655667.85,26674.79,0.0161,Energy/Utilities,18,Europe,Public,Mature,Customer Analytics/Personalization,Basic,5239.44,0.003165,5,False,True,False,0.58,-0.91,-0.97,-0.045,-15054.9,-259.99,-1.4615,120.0,AI_PROJ_0260,2024-02-15,Completed,1.0,IBM Watson + Java,20,True
COMP_0261,Small,34,5342695.79,546473.59,0.1023,Retail/E-commerce,1,Asia-Pacific,Private,Growth,Process Automation,Basic,25879.78,0.004844,5,False,False,True,0.75,7.4,12.81,0.472,395396.48,70001.74,8.9915,4.4,AI_PROJ_0261,2024-04-19,Completed,1.0,DataRobot Platform,5,False
COMP_0262,Large,500,430367253.43,75649226.82,0.1758,Media/Entertainment,2,North America,Public,Growth,Predictive Analytics,Basic,1778434.9,0.004132,6,True,False,False,0.39,-4.03,-3.66,-0.201,-17329283.01,-2766505.47,-5.6499,120.0,AI_PROJ_0262,2025-04-24,Development,0.53,Azure ML + .NET,6,False
COMP_0263,Small,1,122991.87,16493.01,0.1341,Healthcare,5,Europe,Private,Startup,Predictive Analytics,Intermediate,5853.28,0.047591,9,False,False,True,0.54,27.16,53.06,1.673,33402.61,8751.89,3.6009,8.0,AI_PROJ_0263,2023-02-18,Completed,1.0,PyTorch + Python,21,False
COMP_0264,Medium,80,48060987.38,11951445.22,0.2487,Technology,9,Europe,Private,Mature,Natural Language Processing,Intermediate,801860.46,0.016684,3,True,False,True,0.71,11.34,60.08,2.214,5451910.77,7180957.18,7.8772,1.3,AI_PROJ_0264,2023-02-18,Completed,1.0,Microsoft Power Platform,4,False
COMP_0265,Small,9,1924092.65,438441.6,0.2279,Technology,1,Europe,Private,Growth,Customer Analytics/Personalization,Intermediate,46202.47,0.024013,3,True,False,True,0.81,9.08,65.1,1.223,174639.12,285436.58,4.9789,1.9,AI_PROJ_0265,2023-02-12,Completed,1.0,Custom ML Pipeline,5,False
COMP_0266,Medium,74,38924247.7,5032317.33,0.1293,Technology,6,Europe,Private,Growth,Predictive Analytics,Intermediate,1979341.52,0.050851,5,True,False,True,0.64,35.28,80.0,2.781,13733217.4,4025853.86,4.4861,5.9,AI_PROJ_0266,2023-05-16,Completed,1.0,Microsoft Power Platform,14,False
COMP_0267,Small,18,3896969.35,956488.27,0.2454,Technology,2,Asia-Pacific,Private,Startup,Process Automation,Basic,110852.42,0.028446,3,False,True,True,0.88,30.82,56.4,4.0,1201107.1,539415.87,7.8506,2.5,AI_PROJ_0267,2022-11-09,Completed,1.0,Scikit-learn + Python,2,True
COMP_0268,Medium,171,65919641.55,2751348.88,0.0417,Retail/E-commerce,8,North America,Private,Growth,Process Automation,Intermediate,1444472.26,0.021913,3,False,False,False,0.65,3.96,3.93,0.198,2609783.07,108059.44,0.9408,120.0,AI_PROJ_0268,2023-04-01,Completed,1.0,IBM Watson + Java,4,False
COMP_0269,Small,4,834016.02,188929.5,0.2265,Technology,3,Asia-Pacific,Private,Startup,Process Automation,Basic,10133.94,0.012151,3,False,False,True,0.88,3.47,7.29,0.395,28948.9,13763.6,2.1074,8.8,AI_PROJ_0269,2025-06-10,Development,0.28,Scikit-learn + Python,10,False
COMP_0270,Small,3,532501.18,74641.32,0.1402,Healthcare,44,Europe,Public,Mature,Customer Analytics/Personalization,Basic,2491.47,0.004679,4,True,False,False,0.61,-4.03,-3.73,-0.201,-21450.02,-2782.11,-4.863,120.0,AI_PROJ_0270,2024-01-24,Completed,1.0,IBM Watson + Java,2,False
COMP_0271,Small,49,8506715.88,646621.52,0.076,Manufacturing,14,North America,Private,Mature,Process Automation,Basic,263569.47,0.030984,5,False,False,True,0.81,17.92,21.65,1.078,1524085.63,139976.23,3.1568,22.6,AI_PROJ_0271,2023-11-16,Completed,1.0,Microsoft Power Platform,6,True
COMP_0272,Medium,255,66728226.1,667282.26,0.01,Retail/E-commerce,1,Europe,Private,Growth,Customer Analytics/Personalization,Basic,2365313.15,0.035447,3,False,True,True,0.58,21.57,29.15,3.043,14394677.34,194513.45,3.084,120.0,AI_PROJ_0272,2023-10-23,Completed,1.0,Microsoft Power Platform,12,False
COMP_0273,Medium,50,22367627.83,4540028.65,0.203,Technology,4,North America,Private,Growth,Other,Intermediate,1097214.39,0.049054,3,True,False,True,0.52,29.34,80.0,4.0,6562540.14,3632022.92,4.6457,3.6,AI_PROJ_0273,2024-09-24,Completed,1.0,Google Cloud AI + Python,5,False
COMP_0274,Small,8,1449955.42,71825.06,0.0495,Technology,5,North America,Private,Startup,Predictive Analytics,Intermediate,98216.77,0.067738,7,False,False,True,0.74,41.45,80.0,4.0,601067.99,57460.05,3.3524,20.5,AI_PROJ_0274,2022-10-16,Completed,1.0,IBM Watson + Java,11,True
COMP_0275,Small,49,9510939.21,1210244.86,0.1272,Healthcare,1,North America,Private,Startup,Natural Language Processing,Basic,135724.7,0.01427,3,False,False,True,0.61,9.09,18.9,0.787,864292.19,228758.21,4.0267,7.1,AI_PROJ_0275,2025-03-03,Deployment,0.94,Scikit-learn + Python,11,True
COMP_0276,Small,1,194375.57,44982.08,0.2314,Financial Services,5,Asia-Pacific,Private,Startup,Computer Vision,Basic,2302.47,0.011845,3,False,False,True,0.61,10.05,16.77,1.584,19525.57,7544.75,5.8785,3.7,AI_PROJ_0276,2023-12-03,Completed,1.0,Custom ML Pipeline,5,True
COMP_0277,Medium,50,20379747.55,2902868.51,0.1424,Technology,16,North America,Private,Growth,Customer Analytics/Personalization,Intermediate,1078158.83,0.052903,3,False,False,False,0.71,5.0,5.49,0.25,1018987.38,159245.49,0.5464,81.2,AI_PROJ_0277,2024-02-24,Completed,1.0,TensorFlow + Python,9,False
COMP_0278,Large,739,541510020.77,26923617.77,0.0497,Financial Services,5,North America,Private,Startup,Computer Vision,Intermediate,10509723.78,0.019408,3,False,False,False,0.41,2.99,2.67,0.15,16205265.04,719210.62,0.8052,120.0,AI_PROJ_0278,2024-08-22,Completed,1.0,DataRobot Platform,24,False
COMP_0279,Large,1305,2154516911.59,131549924.94,0.0611,Technology,12,North America,Private,Growth,Supply Chain Optimization,Basic,18293721.21,0.008491,3,False,False,True,0.68,9.52,17.98,1.267,205064162.93,23649640.58,6.2512,9.3,AI_PROJ_0279,2024-02-27,Completed,1.0,Scikit-learn + Python,4,False
COMP_0280,Small,10,1971696.76,265583.78,0.1347,Healthcare,15,Asia-Pacific,Private,Growth,Process Automation,Intermediate,75999.33,0.038545,11,False,False,True,0.68,21.88,35.01,1.355,431399.03,92991.18,3.45,9.8,AI_PROJ_0280,2024-08-31,Completed,1.0,TensorFlow + Python,8,True
COMP_0281,Large,3630,1826146830.76,259019358.51,0.1418,Manufacturing,4,Europe,Public,Growth,Process Automation,Advanced,146953624.83,0.080472,5,True,False,False,0.61,5.0,4.59,0.25,91307341.54,11883608.08,0.3511,120.0,AI_PROJ_0281,2023-10-31,Completed,1.0,Custom ML Pipeline,10,False
COMP_0282,Small,2,304836.84,36531.22,0.1198,Healthcare,21,Europe,Private,Mature,Fraud Detection/Risk Management,Basic,5248.43,0.017217,17,False,False,True,0.79,4.43,8.17,0.345,13496.43,2983.71,1.57,21.1,AI_PROJ_0282,2022-11-16,Completed,1.0,Custom ML Pipeline,5,False
COMP_0283,Small,2,346766.13,22951.03,0.0662,Healthcare,7,Other,Private,Growth,Computer Vision,Basic,2798.29,0.00807,5,True,False,False,0.51,0.65,0.75,0.033,2264.38,173.08,0.4355,120.0,AI_PROJ_0283,2025-05-31,Development,0.62,Google Cloud AI + Python,7,True
COMP_0284,Small,13,1387728.13,209430.91,0.1509,Healthcare,19,North America,Private,Growth,Customer Analytics/Personalization,Basic,28592.72,0.020604,4,True,False,True,0.61,18.11,62.65,2.469,251333.1,131216.85,6.6896,2.6,AI_PROJ_0284,2025-08-03,Planning,0.08,AWS SageMaker + Python,9,True
COMP_0285,Small,22,2892611.87,295069.93,0.102,Healthcare,7,Asia-Pacific,Public,Mature,Predictive Analytics,Intermediate,36222.78,0.012523,11,True,False,True,0.54,6.27,52.18,0.626,181405.15,153976.11,4.6294,2.8,AI_PROJ_0285,2025-01-08,Deployment,0.91,Scikit-learn + Python,2,False
COMP_0286,Medium,78,33957695.32,5307041.43,0.1563,Education,3,Europe,Private,Growth,Computer Vision,Intermediate,2255447.25,0.066419,9,False,False,False,0.36,5.0,5.02,0.25,1697884.77,266439.71,0.4355,101.6,AI_PROJ_0286,2023-05-11,Completed,1.0,H2O.ai + R,9,False
COMP_0287,Small,9,1815940.89,99219.18,0.0546,Technology,8,North America,Private,Growth,Process Automation,Basic,9527.32,0.005246,3,False,False,True,0.88,3.72,5.53,0.628,67620.66,5486.44,3.8367,20.8,AI_PROJ_0287,2024-09-15,Completed,1.0,IBM Watson + Java,18,False
COMP_0288,Medium,50,17590997.75,1672497.53,0.0951,Technology,4,North America,Private,Startup,Process Automation,Intermediate,470637.37,0.026754,3,True,False,False,0.78,3.58,3.06,0.179,629615.05,51169.11,0.7233,110.4,AI_PROJ_0288,2025-07-02,Planning,0.15,Azure ML + .NET,5,True
COMP_0289,Small,49,8520525.0,766212.91,0.0899,Other,8,Asia-Pacific,Private,Growth,Computer Vision,Basic,101830.44,0.011951,5,True,False,True,0.56,10.7,43.74,0.652,911735.92,335133.59,6.1223,3.6,AI_PROJ_0289,2023-03-17,Completed,1.0,Azure ML + .NET,7,False
COMP_0290,Small,2,332454.96,52266.22,0.1572,Media/Entertainment,5,Asia-Pacific,Private,Startup,Process Automation,Basic,9766.73,0.029378,3,False,False,True,0.73,17.69,29.12,1.693,58804.03,15221.57,3.7897,7.7,AI_PROJ_0290,2023-08-15,Completed,1.0,H2O.ai + R,15,False
COMP_0291,Medium,170,69367379.44,7030894.43,0.1014,Professional Services,9,Europe,Private,Mature,Fraud Detection/Risk Management,Basic,654641.81,0.009437,3,False,False,True,0.57,6.01,7.94,0.346,4168251.48,558542.74,3.6102,14.1,AI_PROJ_0291,2024-07-07,Completed,1.0,Apache Spark + Scala,4,False
COMP_0292,Small,5,514720.61,56846.25,0.1104,Manufacturing,42,Europe,Private,Mature,Computer Vision,Basic,4519.06,0.00878,3,True,False,True,0.64,4.19,48.84,0.425,21559.3,27762.15,5.457,2.0,AI_PROJ_0292,2023-02-02,Completed,1.0,TensorFlow + Python,5,False
COMP_0293,Small,17,4489454.23,422984.28,0.0942,Technology,3,North America,Private,Startup,Computer Vision,Intermediate,299503.6,0.066713,3,False,False,False,0.71,5.0,5.65,0.25,224472.71,23890.95,0.4146,120.0,AI_PROJ_0293,2023-04-16,Completed,1.0,H2O.ai + R,13,True
COMP_0294,Small,1,213308.06,17448.53,0.0818,Retail/E-commerce,28,North America,Private,Mature,Predictive Analytics,Basic,1350.01,0.006329,5,True,False,True,0.61,8.04,45.13,0.969,17149.66,7873.89,9.2679,2.1,AI_PROJ_0294,2025-01-24,Deployment,0.89,Custom ML Pipeline,4,False
COMP_0295,Small,3,593968.86,156649.61,0.2637,Professional Services,10,Europe,Private,Mature,Process Automation,Intermediate,2221.34,0.00374,7,False,False,True,0.71,-4.75,-5.52,-0.247,-28204.86,-8647.88,-8.2952,120.0,AI_PROJ_0295,2025-03-21,Deployment,0.77,TensorFlow + Python,4,False
COMP_0296,Large,2406,2959329752.66,464407071.72,0.1569,Technology,13,North America,Public,Mature,Process Automation,Basic,7801715.61,0.002636,3,True,False,True,0.68,-4.97,40.48,-0.811,-147017643.78,188005230.2,2.6268,0.5,AI_PROJ_0296,2023-02-15,Completed,1.0,DataRobot Platform,9,False
COMP_0297,Medium,129,45712032.92,2484955.38,0.0544,Healthcare,71,Asia-Pacific,Private,Mature,Fraud Detection/Risk Management,Basic,1231654.15,0.026944,3,True,False,True,0.54,16.34,69.43,1.724,7468981.05,1725258.19,3.7325,8.6,AI_PROJ_0297,2023-11-04,Completed,1.0,H2O.ai + R,3,False
COMP_0298,Medium,146,31766166.72,3172516.69,0.0999,Professional Services,9,North America,Private,Growth,Supply Chain Optimization,Intermediate,1089229.28,0.034289,11,False,False,True,0.61,20.39,29.38,2.213,6478119.13,932187.78,3.4016,14.0,AI_PROJ_0298,2025-05-22,Development,0.31,H2O.ai + R,9,False
COMP_0299,Large,2005,1446706875.03,185668156.8,0.1283,Media/Entertainment,4,Europe,Public,Startup,Predictive Analytics,Basic,15631993.55,0.010805,8,False,False,False,0.39,4.67,4.21,0.234,67617253.1,7810101.35,2.4126,24.0,AI_PROJ_0299,2025-06-22,Development,0.59,H2O.ai + R,21,True
COMP_0300,Medium,166,58818251.34,4754884.97,0.0808,Manufacturing,9,Europe,Private,Growth,Natural Language Processing,Intermediate,1860175.11,0.031626,3,True,False,True,0.64,24.09,77.09,2.413,14171382.24,3665472.95,4.7944,6.1,AI_PROJ_0300,2024-11-27,Deployment,0.78,TensorFlow + Python,5,False
COMP_0301,Small,44,3837857.04,622767.42,0.1623,Manufacturing,4,North America,Private,Growth,Customer Analytics/Personalization,Intermediate,160821.01,0.041904,3,False,False,False,0.74,5.0,4.96,0.25,191892.85,30901.47,0.6927,62.5,AI_PROJ_0301,2025-04-17,Development,0.29,Microsoft Power Platform,9,False
COMP_0302,Medium,50,23499608.27,4676845.49,0.199,Manufacturing,13,Europe,Public,Growth,Natural Language Processing,Intermediate,507029.97,0.021576,3,False,False,True,0.64,15.76,21.13,1.941,3704571.92,988000.02,4.6275,6.2,AI_PROJ_0302,2023-11-09,Completed,1.0,Apache Spark + Scala,19,False
COMP_0303,Small,49,3358837.06,605097.1,0.1802,Financial Services,21,North America,Private,Mature,Process Automation,Basic,27343.42,0.008141,3,False,False,True,0.78,9.07,13.57,1.236,304652.22,82127.15,7.0726,4.0,AI_PROJ_0303,2025-05-10,Development,0.39,Azure ML + .NET,3,True
COMP_0304,Small,14,1145274.62,134075.46,0.1171,Media/Entertainment,10,Europe,Private,Mature,Process Automation,Intermediate,34647.23,0.030252,3,False,False,True,0.73,20.46,30.1,1.251,234290.98,40355.01,3.9635,10.3,AI_PROJ_0304,2022-10-30,Completed,1.0,IBM Watson + Java,7,False
COMP_0305,Medium,81,36787235.78,7321484.33,0.199,Healthcare,52,Europe,Private,Mature,Process Automation,Advanced,368938.1,0.010029,15,False,False,True,0.73,3.73,6.96,0.409,1372311.46,509487.69,2.5503,8.7,AI_PROJ_0305,2023-06-11,Completed,1.0,AWS SageMaker + Python,18,False
COMP_0306,Small,2,322839.78,13874.14,0.043,Retail/E-commerce,32,Europe,Private,Mature,Natural Language Processing,Basic,2443.06,0.007567,5,False,False,True,0.68,6.38,10.78,0.772,20586.36,1495.51,4.5193,19.6,AI_PROJ_0306,2025-01-23,Deployment,0.76,Apache Spark + Scala,5,False
COMP_0307,Small,49,6685192.23,2401213.52,0.3592,Financial Services,3,Asia-Pacific,Private,Growth,Process Automation,Intermediate,114659.12,0.017151,3,False,False,True,0.78,7.6,12.7,1.16,507895.59,304921.19,3.5445,4.5,AI_PROJ_0307,2025-05-17,Development,0.64,DataRobot Platform,10,True
COMP_0308,Medium,479,221194748.26,42835420.51,0.1937,Healthcare,1,North America,Private,Startup,Fraud Detection/Risk Management,Intermediate,600593.73,0.002715,3,False,True,False,0.54,-2.05,-1.78,-0.102,-4533712.44,-761075.98,-4.408,120.0,AI_PROJ_0308,2024-05-16,Completed,1.0,TensorFlow + Python,11,True
COMP_0309,Small,1,232327.35,38587.22,0.1661,Technology,1,Europe,Private,Startup,Customer Analytics/Personalization,Basic,7395.26,0.031831,4,False,False,False,0.81,5.0,4.58,0.25,11616.37,1767.79,0.9049,50.2,AI_PROJ_0309,2023-09-08,Completed,1.0,Scikit-learn + Python,2,False
COMP_0310,Small,21,3323263.05,833363.04,0.2508,Technology,18,North America,Public,Growth,Process Automation,Intermediate,69752.87,0.020989,3,False,False,True,0.88,11.39,21.46,1.571,378633.55,178835.24,3.996,4.7,AI_PROJ_0310,2024-03-26,Completed,1.0,Azure ML + .NET,8,False
COMP_0311,Small,49,7576481.12,797775.69,0.1053,Financial Services,32,North America,Public,Mature,Process Automation,Basic,51680.42,0.006821,4,True,False,True,0.78,4.12,45.62,0.445,312266.22,363935.16,6.5421,1.7,AI_PROJ_0311,2023-06-14,Completed,1.0,Scikit-learn + Python,9,True
COMP_0312,Small,7,530858.72,21559.2,0.0406,Manufacturing,58,Europe,Public,Mature,Supply Chain Optimization,Basic,5245.54,0.009881,3,True,False,True,0.81,3.54,48.7,0.21,18802.37,10499.5,2.793,6.0,AI_PROJ_0312,2023-05-27,Completed,1.0,IBM Watson + Java,3,True
COMP_0313,Large,500,517319136.89,25864900.16,0.05,Financial Services,8,Europe,Public,Growth,Process Automation,Advanced,5172616.53,0.009999,4,False,False,False,0.58,2.16,2.44,0.108,11184553.77,632287.92,1.1422,98.2,AI_PROJ_0313,2024-06-29,Completed,1.0,AWS SageMaker + Python,9,False
COMP_0314,Medium,264,133039309.55,26979088.54,0.2028,Transportation/Logistics,4,Europe,Private,Startup,Customer Analytics/Personalization,Basic,1467686.47,0.011032,3,True,False,True,0.61,6.29,45.9,0.553,8370205.88,12384422.29,7.0705,1.4,AI_PROJ_0314,2024-07-17,Completed,1.0,DataRobot Platform,20,False
COMP_0315,Small,3,312310.31,31849.84,0.102,Professional Services,7,Europe,Private,Growth,Natural Language Processing,Basic,6484.97,0.020765,3,False,False,True,0.64,13.92,21.42,0.808,43483.28,6823.42,3.8787,11.4,AI_PROJ_0315,2024-01-01,Completed,1.0,Azure ML + .NET,5,False
COMP_0316,Small,14,2316677.84,28696.92,0.0124,Manufacturing,3,Other,Public,Growth,Fraud Detection/Risk Management,Basic,20459.71,0.008831,3,False,False,True,0.77,6.93,10.53,0.887,160626.86,3021.67,3.9993,81.3,AI_PROJ_0316,2025-05-04,Development,0.66,Custom ML Pipeline,8,True
COMP_0317,Medium,50,18730124.14,3513263.08,0.1876,Media/Entertainment,4,North America,Private,Growth,Customer Analytics/Personalization,Intermediate,910779.58,0.048626,3,False,False,True,0.56,30.43,39.48,2.486,5699931.56,1387179.51,3.8907,7.9,AI_PROJ_0317,2022-12-29,Completed,1.0,Azure ML + .NET,8,False
COMP_0318,Large,4012,2891095109.41,624647095.58,0.2161,Healthcare,8,Europe,Private,Mature,Natural Language Processing,Intermediate,16086785.16,0.005564,9,True,False,True,0.41,2.42,44.08,0.252,70067836.44,275324104.46,10.7353,0.7,AI_PROJ_0318,2023-04-29,Completed,1.0,Azure ML + .NET,5,True
COMP_0319,Medium,148,35145228.59,9378937.18,0.2669,Media/Entertainment,22,North America,Private,Mature,Process Automation,Intermediate,1379876.02,0.039262,3,False,False,True,0.63,22.72,29.58,2.405,7986337.97,2774616.51,3.8992,6.0,AI_PROJ_0319,2023-05-20,Completed,1.0,Scikit-learn + Python,9,True
COMP_0320,Small,49,3571759.78,511798.72,0.1433,Government,10,Asia-Pacific,Private,Growth,Fraud Detection/Risk Management,Basic,111795.14,0.0313,5,False,False,True,0.54,23.24,28.99,1.736,830119.65,148354.56,4.3762,9.0,AI_PROJ_0320,2023-12-02,Completed,1.0,Google Cloud AI + Python,11,False
COMP_0321,Small,7,1561006.89,92599.43,0.0593,Retail/E-commerce,21,North America,Private,Mature,Process Automation,Basic,28872.88,0.018496,3,True,True,True,0.75,20.68,67.11,2.951,322811.65,62143.12,6.6664,5.6,AI_PROJ_0321,2023-09-07,Completed,1.0,DataRobot Platform,5,False
COMP_0322,Large,1470,1193250183.68,22006052.28,0.0184,Retail/E-commerce,6,North America,Public,Mature,Customer Analytics/Personalization,Basic,18706119.84,0.015677,3,True,False,True,0.48,12.39,60.7,1.775,147891053.53,13356653.61,4.31,16.8,AI_PROJ_0322,2024-04-15,Completed,1.0,Microsoft Power Platform,7,False
COMP_0323,Medium,50,21445323.3,3117572.51,0.1454,Financial Services,15,Other,Private,Growth,Process Automation,Advanced,1705587.04,0.079532,4,False,True,True,0.68,50.0,78.59,4.0,10722661.65,2450173.45,3.8617,8.4,AI_PROJ_0323,2024-11-14,Deployment,0.74,Microsoft Power Platform,20,False
COMP_0324,Small,4,791703.64,47174.62,0.0596,Media/Entertainment,25,Europe,Public,Mature,Process Automation,Intermediate,53472.16,0.067541,4,False,False,True,0.73,42.34,62.87,4.0,335183.34,29657.25,3.4115,21.6,AI_PROJ_0324,2024-05-24,Completed,1.0,Azure ML + .NET,5,False
COMP_0325,Large,762,652203210.1,109190202.29,0.1674,Financial Services,2,North America,Private,Growth,Customer Analytics/Personalization,Intermediate,12070384.66,0.018507,3,False,False,False,0.51,5.0,5.67,0.25,32610160.51,6191585.2,1.6073,23.4,AI_PROJ_0325,2023-02-14,Completed,1.0,AWS SageMaker + Python,7,False
COMP_0326,Large,500,507556208.96,24226756.47,0.0477,Transportation/Logistics,23,Europe,Private,Mature,Process Automation,Advanced,26540923.46,0.052292,4,True,False,False,0.58,5.0,5.6,0.25,25377810.45,1357476.37,0.5037,120.0,AI_PROJ_0326,2024-11-05,Deployment,0.76,PyTorch + Python,24,False
COMP_0327,Medium,56,23767999.21,5892486.14,0.2479,Technology,13,North America,Private,Growth,Fraud Detection/Risk Management,Intermediate,634455.28,0.026694,5,False,False,True,0.74,17.59,29.41,2.48,4180014.57,1732686.08,4.6597,4.4,AI_PROJ_0327,2023-01-12,Completed,1.0,H2O.ai + R,2,False
COMP_0328,Large,1838,2142053031.72,423341233.31,0.1976,Healthcare,2,Europe,Public,Startup,Process Automation,Intermediate,24266351.07,0.011329,5,True,False,True,0.48,3.39,45.58,0.517,72625360.55,192963795.8,5.4724,1.5,AI_PROJ_0328,2024-07-31,Completed,1.0,Custom ML Pipeline,6,True
COMP_0329,Large,6810,6691169835.0,331044109.52,0.0495,Technology,36,Asia-Pacific,Public,Mature,Computer Vision,Advanced,100114188.93,0.014962,4,False,False,True,0.51,12.81,23.68,1.89,856908012.87,78397068.65,4.6712,15.3,AI_PROJ_0329,2023-12-17,Completed,1.0,Scikit-learn + Python,9,False
COMP_0330,Small,10,747404.66,112740.39,0.1508,Professional Services,18,Europe,Private,Mature,Natural Language Processing,Intermediate,27754.14,0.037134,3,False,True,True,0.64,30.38,38.84,1.319,227047.36,43784.93,4.8791,7.6,AI_PROJ_0330,2024-11-28,Deployment,0.72,TensorFlow + Python,5,True
COMP_0331,Small,30,7209891.88,1187309.49,0.1647,Financial Services,7,Europe,Private,Growth,Process Automation,Intermediate,87695.07,0.012163,3,True,False,True,0.78,8.41,52.4,0.49,606518.74,622137.78,7.0053,1.7,AI_PROJ_0331,2024-05-22,Completed,1.0,H2O.ai + R,9,False
COMP_0332,Small,4,536368.11,37802.81,0.0705,Energy/Utilities,13,Europe,Public,Growth,Process Automation,Intermediate,7160.27,0.01335,3,False,False,True,0.65,10.07,14.74,1.094,54007.23,5570.63,4.1603,15.4,AI_PROJ_0332,2023-09-21,Completed,1.0,Google Cloud AI + Python,14,True
COMP_0333,Small,27,6188578.93,1978361.73,0.3197,Technology,3,North America,Public,Growth,Customer Analytics/Personalization,Intermediate,166267.93,0.026867,3,False,False,True,0.81,22.8,48.92,3.871,1410815.19,967753.57,7.1528,2.1,AI_PROJ_0333,2022-10-01,Completed,1.0,Custom ML Pipeline,5,True
COMP_0334,Medium,50,10145627.51,3147747.45,0.3103,Financial Services,1,North America,Private,Startup,Process Automation,Intermediate,215096.57,0.021201,7,False,False,False,0.68,3.06,3.07,0.153,310961.06,96679.4,0.9476,26.7,AI_PROJ_0334,2024-02-15,Completed,1.0,Scikit-learn + Python,10,True
COMP_0335,Small,33,5221948.59,1288365.33,0.2467,Education,5,Europe,Private,Startup,Natural Language Processing,Intermediate,222011.9,0.042515,3,False,False,True,0.56,23.97,32.57,1.301,1251818.62,419649.16,3.7644,6.3,AI_PROJ_0335,2023-06-09,Completed,1.0,Apache Spark + Scala,11,False
COMP_0336,Small,30,5731219.29,327161.56,0.0571,Technology,27,Asia-Pacific,Private,Declining,Computer Vision,Intermediate,207039.93,0.036125,3,True,False,False,0.71,5.0,5.22,0.25,286560.96,17088.15,0.7333,120.0,AI_PROJ_0336,2023-05-01,Completed,1.0,Google Cloud AI + Python,3,True
COMP_0337,Large,667,611837761.1,35351876.4,0.0578,Healthcare,6,North America,Public,Growth,Predictive Analytics,Intermediate,21530528.25,0.03519,5,False,False,True,0.34,21.06,44.18,1.661,128831196.04,15619397.09,3.3546,16.5,AI_PROJ_0337,2024-09-25,Completed,1.0,Azure ML + .NET,7,True
COMP_0338,Medium,103,33547577.77,2123998.23,0.0633,Healthcare,3,North America,Public,Startup,Natural Language Processing,Intermediate,2139792.73,0.063784,10,False,False,False,0.51,5.0,4.67,0.25,1677378.89,99131.88,0.4151,120.0,AI_PROJ_0338,2023-05-01,Completed,1.0,Microsoft Power Platform,22,False
COMP_0339,Large,500,288736718.1,99502658.34,0.3446,Media/Entertainment,20,Other,Public,Mature,Process Automation,Intermediate,11442340.87,0.039629,9,True,False,False,0.53,5.0,4.69,0.25,14436835.91,4669013.14,0.8349,29.4,AI_PROJ_0339,2023-12-26,Completed,1.0,Scikit-learn + Python,5,False
COMP_0340,Small,3,334034.93,53117.77,0.159,Education,89,Europe,Private,Mature,Natural Language Processing,Basic,1370.52,0.004103,3,False,False,False,0.56,0.18,0.15,0.009,612.96,79.97,0.2528,120.0,AI_PROJ_0340,2024-01-21,Completed,1.0,Azure ML + .NET,4,False
COMP_0341,Small,24,3049222.09,294083.6,0.0964,Retail/E-commerce,14,North America,Private,Growth,Process Automation,Intermediate,21663.13,0.007104,6,False,False,True,0.75,6.22,8.04,0.585,189723.37,23646.73,4.9247,11.0,AI_PROJ_0341,2022-10-02,Completed,1.0,AWS SageMaker + Python,18,False
COMP_0342,Small,49,12939164.83,701435.73,0.0542,Financial Services,16,Other,Private,Mature,Process Automation,Basic,60348.09,0.004664,4,False,False,True,0.78,5.1,7.35,0.452,660485.38,51553.31,5.8994,14.0,AI_PROJ_0342,2023-05-30,Completed,1.0,Scikit-learn + Python,2,True
COMP_0343,Small,7,329682.09,85936.39,0.2607,Healthcare,11,Europe,Public,Growth,Computer Vision,Basic,3381.49,0.010257,3,False,False,True,0.51,4.46,7.93,0.28,14691.72,6811.58,3.1796,6.0,AI_PROJ_0343,2023-03-09,Completed,1.0,Custom ML Pipeline,7,False
COMP_0344,Small,10,642842.8,11591.08,0.018,Technology,2,Europe,Private,Startup,Process Automation,Basic,8508.56,0.013236,3,False,True,True,0.88,11.74,18.96,1.681,75475.09,2197.3,4.5644,46.5,AI_PROJ_0344,2025-08-20,Planning,0.16,Microsoft Power Platform,20,False
COMP_0345,Small,1,202548.88,26309.06,0.1299,Retail/E-commerce,7,Asia-Pacific,Private,Growth,Supply Chain Optimization,Intermediate,2221.64,0.010968,9,True,False,True,0.75,7.91,52.32,1.037,16028.53,13763.85,6.705,1.9,AI_PROJ_0345,2024-09-24,Completed,1.0,H2O.ai + R,4,False
COMP_0346,Small,15,2567232.54,413091.4,0.1609,Technology,7,Europe,Private,Growth,Customer Analytics/Personalization,Intermediate,51985.6,0.02025,3,True,False,True,0.81,15.83,68.23,2.004,406473.18,281843.85,6.6203,2.2,AI_PROJ_0346,2024-03-27,Completed,1.0,IBM Watson + Java,5,False
COMP_0347,Small,19,1617598.28,47592.87,0.0294,Financial Services,24,North America,Private,Mature,Computer Vision,Basic,13802.78,0.008533,5,False,False,True,0.61,7.69,14.24,1.075,124351.26,6776.99,4.7501,24.4,AI_PROJ_0347,2023-01-29,Completed,1.0,Azure ML + .NET,16,True
COMP_0348,Small,3,718450.89,126933.05,0.1767,Healthcare,2,North America,Private,Startup,Supply Chain Optimization,Basic,11184.68,0.015568,9,True,False,True,0.68,9.54,63.05,0.759,68532.19,80036.03,6.6416,1.7,AI_PROJ_0348,2023-06-03,Completed,1.0,TensorFlow + Python,5,True
COMP_0349,Small,23,4176031.23,854033.18,0.2045,Financial Services,9,Other,Private,Growth,Customer Analytics/Personalization,Basic,111634.91,0.026732,3,False,False,False,0.71,2.42,2.0,0.121,101006.24,17101.67,0.529,78.3,AI_PROJ_0349,2024-01-09,Completed,1.0,H2O.ai + R,10,False
COMP_0350,Small,3,261294.0,34927.5,0.1337,Technology,22,Asia-Pacific,Private,Mature,Supply Chain Optimization,Basic,1661.43,0.006358,5,True,False,True,0.88,5.14,58.43,0.908,13424.51,20408.25,10.1818,1.0,AI_PROJ_0350,2024-03-31,Completed,1.0,Custom ML Pipeline,11,False
COMP_0351,Small,15,1001045.81,10010.46,0.01,Other,14,Europe,Private,Growth,Fraud Detection/Risk Management,Intermediate,20488.38,0.020467,3,False,False,False,0.69,2.74,2.39,0.137,27421.51,238.79,0.675,120.0,AI_PROJ_0351,2024-01-24,Completed,1.0,IBM Watson + Java,5,False
COMP_0352,Medium,50,12263830.09,1332936.49,0.1087,Manufacturing,22,Europe,Private,Mature,Process Automation,Basic,255199.29,0.020809,3,False,False,True,0.71,9.67,15.64,0.581,1186204.19,208508.62,2.7326,14.7,AI_PROJ_0352,2024-03-16,Completed,1.0,Google Cloud AI + Python,8,False
COMP_0353,Small,20,3052250.21,901578.01,0.2954,Healthcare,23,Europe,Private,Mature,Customer Analytics/Personalization,Intermediate,15110.01,0.00495,4,False,False,False,0.61,1.64,1.79,0.082,50182.72,16141.9,2.1947,11.2,AI_PROJ_0353,2023-06-11,Completed,1.0,Custom ML Pipeline,21,True
COMP_0354,Medium,90,31622270.26,1203162.1,0.038,Transportation/Logistics,7,Europe,Private,Growth,Process Automation,Advanced,3024540.67,0.095646,17,True,False,True,0.83,50.0,80.0,4.0,15811135.13,962529.68,2.7729,37.7,AI_PROJ_0354,2023-02-08,Completed,1.0,Scikit-learn + Python,4,False
COMP_0355,Medium,106,23862259.24,2965004.45,0.1243,Professional Services,10,North America,Public,Growth,Process Automation,Intermediate,230847.75,0.009674,7,False,False,True,0.61,6.9,9.47,0.785,1645337.61,280693.5,4.1716,9.9,AI_PROJ_0355,2023-04-18,Completed,1.0,Custom ML Pipeline,4,True
COMP_0356,Small,31,4700445.26,968913.14,0.2061,Energy/Utilities,41,North America,Private,Mature,Process Automation,Intermediate,237106.66,0.050443,6,True,False,True,0.65,30.78,70.72,2.763,1446624.0,685187.19,4.4955,4.2,AI_PROJ_0356,2022-12-09,Completed,1.0,Custom ML Pipeline,12,True
COMP_0357,Small,49,3737572.95,733131.14,0.1962,Manufacturing,7,North America,Private,Mature,Process Automation,Intermediate,23183.78,0.006203,7,True,False,True,0.81,7.88,50.84,0.632,294521.48,372754.93,14.391,0.7,AI_PROJ_0357,2023-12-18,Completed,1.0,H2O.ai + R,5,False
COMP_0358,Small,20,3616572.3,390884.14,0.1081,Technology,5,North America,Private,Startup,Supply Chain Optimization,Intermediate,59542.58,0.016464,3,True,False,True,0.88,12.82,79.26,1.026,463520.8,309806.7,6.4939,2.3,AI_PROJ_0358,2023-08-08,Completed,1.0,Custom ML Pipeline,7,True
COMP_0359,Medium,50,13813080.31,1527142.66,0.1106,Retail/E-commerce,6,Europe,Private,Mature,Process Automation,Basic,234117.34,0.016949,3,False,False,False,0.65,3.01,3.19,0.15,415093.6,48782.88,0.9907,57.6,AI_PROJ_0359,2024-10-03,Deployment,0.74,TensorFlow + Python,18,True
COMP_0360,Medium,73,27635859.88,5192470.22,0.1879,Professional Services,20,Europe,Private,Mature,Customer Analytics/Personalization,Basic,585542.52,0.021188,5,True,False,False,0.54,3.5,2.99,0.175,967764.84,155495.57,0.9592,45.2,AI_PROJ_0360,2024-04-26,Completed,1.0,Azure ML + .NET,4,True
COMP_0361,Small,1,270409.52,24259.08,0.0897,Technology,75,North America,Private,Declining,Computer Vision,Basic,2828.92,0.010462,3,True,False,True,0.71,7.01,61.43,0.999,18967.37,14901.57,5.9862,2.3,AI_PROJ_0361,2023-09-06,Completed,1.0,Custom ML Pipeline,7,True
COMP_0362,Small,49,8602345.93,86023.46,0.01,Financial Services,1,Other,Public,Startup,Customer Analytics/Personalization,Basic,184732.85,0.021475,3,False,False,True,0.71,11.38,14.49,0.958,978902.87,12468.1,2.6833,120.0,AI_PROJ_0362,2024-09-15,Completed,1.0,Scikit-learn + Python,22,True
COMP_0363,Small,2,281634.85,40708.26,0.1445,Technology,11,North America,Public,Growth,Customer Analytics/Personalization,Intermediate,11163.55,0.039638,3,False,False,True,0.81,25.08,47.32,4.0,70623.2,19262.94,4.0259,7.0,AI_PROJ_0363,2022-11-28,Completed,1.0,H2O.ai + R,2,False
COMP_0364,Small,35,7565598.1,1283448.64,0.1696,Technology,13,North America,Private,Mature,Process Automation,Basic,105243.61,0.013911,3,False,False,True,0.88,7.91,18.52,1.652,598764.4,237671.89,3.9738,5.3,AI_PROJ_0364,2025-04-02,Development,0.34,Azure ML + .NET,8,False
COMP_0365,Small,49,8656818.28,1756022.06,0.2028,Professional Services,8,Asia-Pacific,Private,Growth,Predictive Analytics,Basic,282257.78,0.032605,3,True,False,True,0.57,18.95,62.78,2.155,1640045.45,1102469.84,4.8582,3.1,AI_PROJ_0365,2025-04-02,Development,0.32,Apache Spark + Scala,19,False
COMP_0366,Small,49,4770662.07,47706.62,0.01,Retail/E-commerce,1,Other,Private,Startup,Predictive Analytics,Basic,52126.79,0.010927,3,False,False,True,0.61,4.26,5.21,0.338,203343.22,2485.44,1.9743,120.0,AI_PROJ_0366,2023-01-03,Completed,1.0,AWS SageMaker + Python,2,False
COMP_0367,Small,3,312684.55,33513.57,0.1072,Financial Services,37,Europe,Private,Mature,Predictive Analytics,Basic,3087.09,0.009873,4,False,False,False,0.64,-0.98,-0.83,-0.049,-3055.07,-277.66,-0.5398,120.0,AI_PROJ_0367,2024-07-13,Completed,1.0,Scikit-learn + Python,8,True
COMP_0368,Small,9,1736453.05,180746.97,0.1041,Financial Services,1,North America,Private,Growth,Process Automation,Basic,15428.74,0.008885,5,False,False,True,0.78,6.37,7.74,0.686,110648.85,13996.5,4.0394,13.2,AI_PROJ_0368,2025-01-27,Deployment,0.82,Azure ML + .NET,13,True
COMP_0369,Medium,239,87542450.07,14361926.82,0.1641,Technology,22,Europe,Private,Mature,Natural Language Processing,Intermediate,547467.35,0.006254,4,True,False,True,0.71,1.18,56.58,0.2,1035465.1,8125319.51,8.3665,0.8,AI_PROJ_0369,2025-07-21,Planning,0.08,Custom ML Pipeline,5,False
COMP_0370,Small,49,5948099.32,541155.58,0.091,Technology,13,Asia-Pacific,Private,Growth,Natural Language Processing,Basic,9962.32,0.001675,3,True,False,True,0.81,-2.25,35.05,-0.169,-133765.09,189675.48,2.8061,0.6,AI_PROJ_0370,2024-01-06,Completed,1.0,Custom ML Pipeline,4,True
COMP_0371,Medium,70,18475264.44,1310222.88,0.0709,Technology,9,Other,Public,Mature,Customer Analytics/Personalization,Intermediate,682884.78,0.036962,3,True,False,True,0.71,22.64,80.0,2.167,4181990.98,1048178.3,3.8295,7.8,AI_PROJ_0371,2023-10-09,Completed,1.0,Custom ML Pipeline,15,True
COMP_0372,Small,18,2352710.85,313607.87,0.1333,Energy/Utilities,24,Europe,Private,Mature,Computer Vision,Intermediate,66675.94,0.02834,4,True,False,False,0.48,5.0,4.17,0.25,117635.54,13092.81,0.9803,61.1,AI_PROJ_0372,2024-12-31,Deployment,0.93,PyTorch + Python,5,True
COMP_0373,Medium,171,76195974.31,8452367.79,0.1109,Healthcare,3,North America,Private,Growth,Predictive Analytics,Basic,2541807.31,0.033359,3,False,False,False,0.44,3.7,4.09,0.185,2821439.46,345985.01,0.6231,88.2,AI_PROJ_0373,2025-04-20,Development,0.37,DataRobot Platform,4,False
COMP_0374,Small,19,4364788.52,836687.39,0.1917,Healthcare,5,Asia-Pacific,Private,Growth,Predictive Analytics,Intermediate,59615.83,0.013658,3,False,True,False,0.54,2.45,2.63,0.122,106789.4,21978.99,1.08,32.5,AI_PROJ_0374,2023-02-16,Completed,1.0,Google Cloud AI + Python,16,False
COMP_0375,Small,12,2892553.56,619833.41,0.2143,Healthcare,23,North America,Private,Mature,Customer Analytics/Personalization,Intermediate,29139.98,0.010074,7,False,False,True,0.61,3.11,5.06,0.261,89914.92,31393.49,2.0815,11.1,AI_PROJ_0375,2023-08-22,Completed,1.0,TensorFlow + Python,5,False
COMP_0376,Small,1,117308.91,8008.87,0.0683,Government,15,Asia-Pacific,Private,Mature,Process Automation,Basic,3889.34,0.033155,3,False,True,True,0.58,25.33,35.65,2.144,29719.66,2854.9,4.1877,16.3,AI_PROJ_0376,2025-01-19,Deployment,0.89,Custom ML Pipeline,8,False
COMP_0377,Large,749,873257119.43,152876653.72,0.1751,Financial Services,1,Europe,Public,Growth,Process Automation,Advanced,74040053.98,0.084786,26,False,False,True,0.83,50.0,70.73,4.0,436628559.71,108133738.22,3.6788,8.2,AI_PROJ_0377,2024-11-17,Deployment,0.88,TensorFlow + Python,11,False
COMP_0378,Small,25,2716474.67,602104.89,0.2216,Financial Services,12,Other,Private,Growth,Process Automation,Basic,49466.01,0.01821,3,True,True,True,0.78,20.0,65.93,1.216,543242.71,396970.2,9.5036,1.5,AI_PROJ_0378,2024-08-25,Completed,1.0,H2O.ai + R,5,False
COMP_0379,Medium,319,67997649.32,4543804.06,0.0668,Manufacturing,10,North America,Private,Growth,Process Automation,Intermediate,4201587.49,0.06179,11,True,False,True,0.71,37.66,80.0,2.67,25609697.74,3635043.25,3.4802,13.9,AI_PROJ_0379,2023-02-10,Completed,1.0,Microsoft Power Platform,5,True
COMP_0380,Medium,183,50767549.36,8237972.2,0.1623,Retail/E-commerce,23,Europe,Private,Declining,Process Automation,Intermediate,399898.67,0.007877,3,False,False,True,0.65,9.75,16.11,0.797,4951793.99,1327479.72,7.8511,3.6,AI_PROJ_0380,2024-01-09,Completed,1.0,Azure ML + .NET,10,False
COMP_0381,Small,9,586567.74,67673.57,0.1154,Education,4,North America,Private,Startup,Process Automation,Basic,20531.13,0.035002,5,False,False,True,0.63,21.99,28.97,1.505,128990.83,19605.83,3.6188,12.6,AI_PROJ_0381,2025-07-28,Planning,0.21,DataRobot Platform,5,False
COMP_0382,Medium,85,30114754.2,1911119.91,0.0635,Manufacturing,4,North America,Private,Growth,Natural Language Processing,Basic,539998.41,0.017931,5,True,True,True,0.64,16.25,66.63,0.825,4892277.09,1273339.21,5.7089,5.1,AI_PROJ_0382,2025-02-05,Deployment,0.74,TensorFlow + Python,4,False
COMP_0383,Small,5,577261.39,10436.69,0.0181,Manufacturing,2,North America,Private,Startup,Fraud Detection/Risk Management,Basic,7396.27,0.012813,6,False,False,True,0.77,9.43,17.19,1.163,54452.92,1793.64,3.8024,49.5,AI_PROJ_0383,2023-04-20,Completed,1.0,Google Cloud AI + Python,19,False
COMP_0384,Large,7737,5467681531.06,1122265816.32,0.2053,Financial Services,1,North America,Private,Startup,Customer Analytics/Personalization,Basic,33933940.63,0.006206,3,False,False,True,0.51,5.78,11.16,0.449,316144564.0,125253042.02,6.5038,3.3,AI_PROJ_0384,2024-05-11,Completed,1.0,Custom ML Pipeline,2,True
COMP_0385,Medium,53,19408609.33,973917.0,0.0502,Healthcare,14,Europe,Private,Growth,Process Automation,Basic,246002.41,0.012675,3,False,False,False,0.58,3.09,2.61,0.154,599570.37,25414.44,1.2703,116.2,AI_PROJ_0385,2025-03-11,Deployment,0.76,H2O.ai + R,4,False
COMP_0386,Small,35,2042558.15,327626.04,0.1604,Technology,1,North America,Private,Startup,Computer Vision,Basic,46692.49,0.02286,3,False,False,True,0.71,18.11,26.66,3.891,369957.16,87346.62,4.897,6.4,AI_PROJ_0386,2025-06-19,Development,0.51,TensorFlow + Python,19,False
COMP_0387,Small,21,5360069.17,715020.63,0.1334,Retail/E-commerce,5,North America,Private,Growth,Process Automation,Intermediate,226918.31,0.042335,3,False,False,True,0.75,25.28,38.2,3.421,1355268.94,273108.74,3.588,10.0,AI_PROJ_0387,2025-02-27,Deployment,0.9,Google Cloud AI + Python,4,True
COMP_0388,Large,500,226414780.3,37463574.87,0.1655,Technology,24,Asia-Pacific,Public,Mature,Natural Language Processing,Basic,2649991.03,0.011704,3,False,False,False,0.61,4.39,4.84,0.219,9932337.81,1812826.58,2.2161,17.5,AI_PROJ_0388,2024-05-23,Completed,1.0,PyTorch + Python,8,False
COMP_0389,Small,8,917300.34,111122.86,0.1211,Media/Entertainment,26,Europe,Private,Mature,Natural Language Processing,Basic,11903.56,0.012977,4,True,False,False,0.66,-1.45,-1.56,-0.072,-13268.42,-1735.93,-0.6302,120.0,AI_PROJ_0389,2024-04-09,Completed,1.0,IBM Watson + Java,8,True
COMP_0390,Small,7,821504.87,47118.19,0.0574,Manufacturing,1,North America,Private,Startup,Computer Vision,Basic,16143.21,0.019651,3,True,False,True,0.64,14.2,57.33,0.748,116664.57,27012.61,4.4501,7.2,AI_PROJ_0390,2025-01-19,Deployment,0.77,Custom ML Pipeline,4,True
COMP_0391,Small,6,609332.48,95808.25,0.1572,Healthcare,12,North America,Private,Growth,Customer Analytics/Personalization,Basic,7297.39,0.011976,3,False,False,True,0.61,12.84,26.89,0.843,78224.43,25762.59,7.1249,3.4,AI_PROJ_0391,2025-05-11,Development,0.56,PyTorch + Python,6,False
COMP_0392,Medium,122,46760787.3,467607.87,0.01,Other,51,Asia-Pacific,Private,Mature,Computer Vision,Intermediate,820034.13,0.017537,3,True,False,True,0.46,10.83,40.32,0.436,5063006.38,188517.84,3.202,52.2,AI_PROJ_0392,2024-11-26,Deployment,0.84,Scikit-learn + Python,13,False
COMP_0393,Small,33,2734508.2,244197.64,0.0893,Technology,27,Europe,Private,Mature,Customer Analytics/Personalization,Basic,8246.16,0.003016,3,False,False,True,0.81,4.02,6.89,0.408,109957.53,16816.27,7.6868,5.9,AI_PROJ_0393,2025-03-09,Deployment,0.74,Scikit-learn + Python,5,False
COMP_0394,Medium,69,21098061.16,3939445.88,0.1867,Media/Entertainment,16,North America,Private,Mature,Natural Language Processing,Basic,185134.2,0.008775,3,False,False,False,0.56,1.88,1.9,0.094,397136.02,74841.18,1.2747,29.7,AI_PROJ_0394,2023-09-27,Completed,1.0,Custom ML Pipeline,7,False
COMP_0395,Small,8,942486.82,151495.55,0.1607,Media/Entertainment,12,Other,Private,Growth,Customer Analytics/Personalization,Intermediate,18651.98,0.01979,3,False,False,True,0.66,18.02,18.77,1.332,169813.51,28429.21,5.3143,7.9,AI_PROJ_0395,2024-12-14,Deployment,0.9,Microsoft Power Platform,8,False
COMP_0396,Medium,233,51368245.95,4650686.46,0.0905,Manufacturing,2,Asia-Pacific,Private,Startup,Natural Language Processing,Intermediate,1416026.74,0.027566,3,True,False,False,0.64,2.65,2.99,0.133,1362951.03,139194.1,0.5304,120.0,AI_PROJ_0396,2023-10-09,Completed,1.0,Custom ML Pipeline,5,False
COMP_0397,Small,35,4941602.74,523646.23,0.106,Technology,3,Europe,Private,Startup,Natural Language Processing,Basic,71479.74,0.014465,3,False,False,True,0.81,10.2,19.27,0.964,503880.23,100895.16,4.2304,8.5,AI_PROJ_0397,2024-10-13,Deployment,0.7,TensorFlow + Python,4,True
COMP_0398,Small,3,441456.22,34273.39,0.0776,Retail/E-commerce,1,North America,Private,Startup,Customer Analytics/Personalization,Basic,10474.22,0.023727,3,False,False,True,0.68,19.53,34.98,2.183,86197.51,11989.53,4.6871,10.5,AI_PROJ_0398,2024-01-18,Completed,1.0,Microsoft Power Platform,8,True
COMP_0399,Small,14,1018225.25,191387.74,0.188,Healthcare,18,Europe,Private,Growth,Predictive Analytics,Basic,5095.82,0.005005,3,True,False,True,0.54,6.96,56.34,0.783,70889.13,107835.22,17.5364,0.6,AI_PROJ_0399,2022-12-11,Completed,1.0,Azure ML + .NET,5,False
COMP_0400,Small,19,2201378.76,623310.39,0.2831,Transportation/Logistics,1,Europe,Private,Startup,Process Automation,Basic,28127.59,0.012777,4,True,False,True,0.78,6.55,38.97,0.666,144187.78,242924.29,6.8814,1.4,AI_PROJ_0400,2024-11-08,Deployment,0.83,PyTorch + Python,11,True
COMP_0401,Large,1451,1868601304.41,182732157.35,0.0978,Technology,1,Europe,Private,Growth,Predictive Analytics,Intermediate,41326677.15,0.022116,3,False,False,True,0.54,14.54,31.37,1.981,271648173.94,57320174.86,3.9801,8.7,AI_PROJ_0401,2024-10-12,Deployment,0.74,PyTorch + Python,24,True
COMP_0402,Large,500,511074537.07,126521327.12,0.2476,Financial Services,16,North America,Public,Mature,Process Automation,Basic,2421941.33,0.004739,3,False,False,True,0.58,2.59,4.83,0.287,13222448.67,6113017.47,3.9917,4.8,AI_PROJ_0402,2023-07-05,Completed,1.0,Azure ML + .NET,4,False
COMP_0403,Small,3,517738.45,32027.84,0.0619,Financial Services,32,North America,Private,Mature,Process Automation,Basic,2841.97,0.005489,3,False,False,False,0.78,-3.84,-4.05,-0.192,-19863.52,-1298.31,-3.7231,120.0,AI_PROJ_0403,2024-01-01,Completed,1.0,Azure ML + .NET,11,False
COMP_0404,Medium,139,41686256.8,2275283.66,0.0546,Energy/Utilities,3,Other,Private,Growth,Fraud Detection/Risk Management,Basic,1439034.88,0.034521,4,False,False,True,0.51,16.71,27.62,1.306,6965575.18,628509.96,2.6386,27.5,AI_PROJ_0404,2023-08-30,Completed,1.0,Apache Spark + Scala,16,True
COMP_0405,Small,12,2793456.85,235191.55,0.0842,Technology,21,Other,Private,Declining,Predictive Analytics,Basic,10193.68,0.003649,3,False,False,True,0.74,9.31,18.37,1.959,260197.5,43193.22,14.8813,2.8,AI_PROJ_0405,2023-06-04,Completed,1.0,IBM Watson + Java,3,False
COMP_0406,Medium,235,99044836.63,1545846.28,0.0156,Technology,20,Europe,Private,Growth,Other,Basic,282625.26,0.002854,4,False,False,True,0.52,3.33,6.33,0.565,3294828.76,97786.61,6.002,34.7,AI_PROJ_0406,2022-10-30,Completed,1.0,Google Cloud AI + Python,7,False
COMP_0407,Small,1,114255.76,16903.36,0.1479,Other,3,North America,Private,Startup,Fraud Detection/Risk Management,Basic,3519.45,0.030803,4,True,False,True,0.69,17.97,48.41,1.392,20529.43,8183.69,4.0792,5.2,AI_PROJ_0407,2025-01-03,Deployment,0.77,Apache Spark + Scala,12,False
COMP_0408,Medium,68,17216769.12,2861798.12,0.1662,Manufacturing,21,Europe,Private,Mature,Computer Vision,Basic,71351.92,0.004144,3,True,False,True,0.54,6.79,47.16,0.8,1168526.13,1349533.06,17.6453,0.6,AI_PROJ_0408,2023-07-26,Completed,1.0,Google Cloud AI + Python,3,False
COMP_0409,Small,4,1182721.07,141000.03,0.1192,Technology,11,Asia-Pacific,Private,Mature,Process Automation,Intermediate,64735.7,0.054735,3,False,False,True,0.88,32.61,71.95,4.0,385645.11,101451.65,3.7622,7.7,AI_PROJ_0409,2023-03-28,Completed,1.0,PyTorch + Python,8,False
COMP_0410,Medium,50,20123266.34,5775717.78,0.287,Technology,1,Europe,Private,Startup,Predictive Analytics,Intermediate,896362.62,0.044544,3,False,False,True,0.64,27.08,46.2,2.343,5448805.78,2668469.31,4.5279,4.0,AI_PROJ_0410,2022-12-19,Completed,1.0,AWS SageMaker + Python,15,False
COMP_0411,Small,38,5849307.69,58493.08,0.01,Manufacturing,21,North America,Private,Mature,Natural Language Processing,Intermediate,83456.66,0.014268,3,False,False,True,0.74,17.89,21.79,1.688,1046487.27,12744.0,6.346,78.6,AI_PROJ_0411,2025-03-03,Deployment,0.9,IBM Watson + Java,4,False
COMP_0412,Medium,51,35173290.95,2895353.68,0.0823,Technology,18,Asia-Pacific,Private,Growth,Customer Analytics/Personalization,Basic,313980.13,0.008927,3,False,False,False,0.71,-2.93,-2.65,-0.147,-1032244.67,-76850.14,-1.7662,120.0,AI_PROJ_0412,2023-02-05,Completed,1.0,Scikit-learn + Python,4,True
COMP_0413,Small,23,4850247.92,588382.4,0.1213,Retail/E-commerce,42,North America,Private,Mature,Predictive Analytics,Basic,91194.03,0.018802,3,False,False,True,0.61,10.17,16.01,1.234,493191.74,94221.38,3.2207,11.6,AI_PROJ_0413,2024-03-21,Completed,1.0,TensorFlow + Python,20,False
COMP_0414,Small,49,12327475.01,881713.55,0.0715,Technology,7,North America,Private,Growth,Natural Language Processing,Basic,241990.15,0.01963,3,False,False,False,0.81,-0.25,-0.21,-0.012,-30799.76,-1825.62,-0.0674,120.0,AI_PROJ_0414,2025-04-23,Development,0.5,IBM Watson + Java,2,False
COMP_0415,Medium,220,54008428.03,5306034.58,0.0982,Professional Services,2,North America,Private,Startup,Customer Analytics/Personalization,Basic,683406.1,0.012654,3,False,False,True,0.54,6.17,8.12,0.407,3334663.04,431107.35,2.7551,19.0,AI_PROJ_0415,2023-07-04,Completed,1.0,IBM Watson + Java,11,True
COMP_0416,Medium,64,15413521.74,1521250.77,0.0987,Professional Services,2,Asia-Pacific,Private,Startup,Predictive Analytics,Intermediate,145554.01,0.009443,3,False,False,False,0.47,-0.66,-0.59,-0.033,-102180.31,-8946.4,-0.3817,120.0,AI_PROJ_0416,2024-09-08,Completed,1.0,H2O.ai + R,9,False
COMP_0417,Large,3767,3618926399.84,146937945.93,0.0406,Manufacturing,1,North America,Private,Startup,Customer Analytics/Personalization,Advanced,99305954.38,0.027441,3,False,False,False,0.54,5.0,5.03,0.25,180946319.99,7388165.67,0.9483,120.0,AI_PROJ_0417,2023-07-22,Completed,1.0,AWS SageMaker + Python,4,True
COMP_0418,Small,49,5867862.76,1435028.39,0.2446,Healthcare,4,North America,Private,Growth,Computer Vision,Intermediate,125848.86,0.021447,3,True,False,True,0.51,13.37,68.73,1.294,784715.86,986318.38,7.0364,1.5,AI_PROJ_0418,2023-06-03,Completed,1.0,Microsoft Power Platform,5,True
COMP_0419,Small,9,2015654.96,491505.1,0.2438,Media/Entertainment,45,Asia-Pacific,Private,Mature,Process Automation,Basic,30713.4,0.015237,3,False,False,True,0.73,10.96,12.08,1.198,220928.79,59397.3,4.5636,6.2,AI_PROJ_0419,2023-11-11,Completed,1.0,AWS SageMaker + Python,19,False
COMP_0420,Small,1,53402.73,534.03,0.01,Professional Services,1,North America,Private,Startup,Predictive Analytics,Intermediate,2529.25,0.047362,3,True,False,True,0.57,28.99,67.29,3.353,15484.02,359.34,3.132,84.5,AI_PROJ_0420,2024-12-13,Deployment,0.79,Scikit-learn + Python,4,False
COMP_0421,Small,4,945510.41,118895.9,0.1257,Technology,40,Other,Private,Mature,Natural Language Processing,Intermediate,17526.43,0.018536,5,False,False,False,0.81,1.08,1.08,0.054,10173.28,1280.08,0.3267,120.0,AI_PROJ_0421,2024-08-28,Completed,1.0,IBM Watson + Java,10,False
COMP_0422,Small,37,4832828.64,401629.38,0.0831,Technology,46,Asia-Pacific,Private,Mature,Customer Analytics/Personalization,Basic,150458.44,0.031133,3,False,False,True,0.81,19.97,47.33,4.0,965258.33,190099.1,3.8395,9.5,AI_PROJ_0422,2023-05-22,Completed,1.0,Custom ML Pipeline,10,False
COMP_0423,Small,38,7796206.32,77962.06,0.01,Manufacturing,15,Europe,Public,Growth,Process Automation,Intermediate,338950.82,0.043476,3,False,False,True,0.81,26.34,47.49,2.794,2053456.3,37026.92,3.0838,109.9,AI_PROJ_0423,2024-05-26,Completed,1.0,IBM Watson + Java,2,False
COMP_0424,Small,5,687042.28,20295.35,0.0295,Financial Services,32,North America,Private,Mature,Customer Analytics/Personalization,Intermediate,10409.31,0.015151,6,False,False,True,0.71,8.74,10.64,0.654,60027.63,2160.38,2.9871,57.8,AI_PROJ_0424,2023-06-23,Completed,1.0,PyTorch + Python,6,False
COMP_0425,Small,14,1489063.14,182889.03,0.1228,Education,43,North America,Private,Mature,Process Automation,Intermediate,55279.76,0.037124,4,False,True,False,0.63,5.0,5.48,0.25,74453.16,10020.19,0.7641,66.2,AI_PROJ_0425,2024-12-03,Deployment,0.71,IBM Watson + Java,21,False
COMP_0426,Small,2,446676.38,36522.2,0.0818,Healthcare,30,Other,Private,Mature,Process Automation,Intermediate,4375.09,0.009795,3,False,False,False,0.68,4.59,5.21,0.229,20491.63,1903.1,2.5593,27.6,AI_PROJ_0426,2023-03-12,Completed,1.0,Microsoft Power Platform,4,True
COMP_0427,Medium,50,22915084.36,6080963.79,0.2654,Technology,38,Europe,Private,Mature,Customer Analytics/Personalization,Intermediate,371685.85,0.01622,4,True,False,True,0.71,8.46,70.39,1.759,1937545.85,4280341.46,8.3644,1.0,AI_PROJ_0427,2024-06-21,Completed,1.0,AWS SageMaker + Python,8,False
COMP_0428,Medium,198,35861420.54,5426341.77,0.1513,Government,9,Europe,Private,Growth,Process Automation,Basic,290863.0,0.008111,3,True,False,True,0.48,3.52,38.29,0.288,1263361.53,2077776.12,5.7435,1.7,AI_PROJ_0428,2023-12-24,Completed,1.0,Azure ML + .NET,14,False
COMP_0429,Small,10,1862595.83,222833.58,0.1196,Technology,12,North America,Private,Mature,Fraud Detection/Risk Management,Intermediate,24875.74,0.013355,3,False,False,True,0.84,12.21,18.21,1.342,227387.59,40588.79,5.3863,7.4,AI_PROJ_0429,2025-01-16,Deployment,0.95,Scikit-learn + Python,4,True
COMP_0430,Medium,50,14452469.48,464703.96,0.0322,Technology,43,Europe,Private,Mature,Process Automation,Basic,126604.64,0.00876,3,False,False,True,0.78,2.56,3.88,0.33,370032.48,18019.75,1.5325,84.3,AI_PROJ_0430,2022-10-27,Completed,1.0,PyTorch + Python,9,False
COMP_0431,Medium,181,65183523.9,13326506.35,0.2044,Financial Services,12,Other,Private,Growth,Predictive Analytics,Intermediate,2954207.98,0.045321,3,False,False,True,0.54,23.62,45.46,1.728,15398812.99,6058626.78,3.6317,5.9,AI_PROJ_0431,2024-11-09,Deployment,0.79,TensorFlow + Python,13,True
COMP_0432,Small,16,3838787.2,101660.64,0.0265,Technology,1,North America,Private,Startup,Process Automation,Basic,93828.89,0.024442,3,True,False,True,0.88,14.42,70.83,1.684,553370.51,72001.98,3.3325,15.6,AI_PROJ_0432,2023-06-11,Completed,1.0,PyTorch + Python,3,True
COMP_0433,Medium,209,55827713.35,7628439.93,0.1366,Retail/E-commerce,13,Europe,Private,Growth,Process Automation,Basic,265466.56,0.004755,3,False,False,True,0.65,0.94,1.66,0.047,524049.68,126823.17,1.2259,25.1,AI_PROJ_0433,2023-11-16,Completed,1.0,Microsoft Power Platform,5,True
COMP_0434,Small,49,8286364.81,1739130.51,0.2099,Financial Services,8,Asia-Pacific,Private,Growth,Predictive Analytics,Intermediate,148792.48,0.017956,4,False,True,True,0.64,11.76,14.19,1.939,974856.07,246771.24,4.1051,7.2,AI_PROJ_0434,2023-12-06,Completed,1.0,Custom ML Pipeline,17,False
COMP_0435,Small,49,7225007.86,636736.2,0.0881,Manufacturing,39,Asia-Pacific,Private,Mature,Customer Analytics/Personalization,Intermediate,105000.9,0.014533,4,False,False,True,0.74,11.92,19.38,0.577,861092.26,123427.33,4.6881,10.2,AI_PROJ_0435,2022-09-29,Completed,1.0,Azure ML + .NET,3,False
COMP_0436,Small,46,5777570.86,1479580.52,0.2561,Technology,41,Asia-Pacific,Public,Mature,Process Automation,Basic,130260.86,0.022546,3,False,False,False,0.88,5.0,4.2,0.25,288878.54,62213.42,1.3476,25.1,AI_PROJ_0436,2023-07-08,Completed,1.0,IBM Watson + Java,9,True
COMP_0437,Large,744,477100643.39,98760002.73,0.207,Financial Services,6,North America,Public,Growth,Computer Vision,Basic,1913765.2,0.004011,11,False,False,False,0.41,-3.53,-3.05,-0.176,-16828926.21,-3010822.08,-5.1834,120.0,AI_PROJ_0437,2024-10-03,Deployment,0.81,Microsoft Power Platform,24,True
COMP_0438,Medium,130,29237337.22,1685577.18,0.0577,Technology,3,Asia-Pacific,Private,Startup,Customer Analytics/Personalization,Basic,429922.19,0.014705,3,False,False,True,0.71,9.07,20.41,0.812,2651385.72,344080.47,3.4837,15.0,AI_PROJ_0438,2023-08-10,Completed,1.0,AWS SageMaker + Python,2,False
COMP_0439,Small,14,2369955.03,232558.17,0.0981,Healthcare,5,North America,Private,Startup,Natural Language Processing,Intermediate,92142.22,0.038879,5,False,False,True,0.61,23.64,39.84,1.956,560368.46,92645.66,3.5435,11.9,AI_PROJ_0439,2023-09-27,Completed,1.0,IBM Watson + Java,8,False
COMP_0440,Medium,104,64090487.7,11123129.63,0.1736,Technology,12,Asia-Pacific,Private,Mature,Predictive Analytics,Intermediate,2340562.52,0.03652,5,False,False,False,0.64,4.18,4.09,0.209,2681282.27,454637.6,0.6699,61.8,AI_PROJ_0440,2025-03-08,Deployment,0.82,Microsoft Power Platform,14,False
COMP_0441,Small,16,1409077.12,95530.7,0.0678,Manufacturing,1,Other,Public,Startup,Process Automation,Basic,31272.61,0.022194,6,True,False,True,0.81,16.68,71.72,1.766,235063.72,68511.99,4.8537,5.5,AI_PROJ_0441,2025-02-26,Deployment,0.86,DataRobot Platform,4,True
COMP_0442,Small,13,1616171.65,279088.11,0.1727,Media/Entertainment,10,Asia-Pacific,Private,Mature,Process Automation,Basic,13038.0,0.008067,3,False,False,False,0.73,-1.13,-1.15,-0.057,-18266.96,-3214.66,-0.8238,120.0,AI_PROJ_0442,2024-10-01,Deployment,0.95,IBM Watson + Java,7,True
COMP_0443,Large,812,385633012.71,88667366.44,0.2299,Financial Services,4,North America,Public,Startup,Computer Vision,Basic,2210832.33,0.005733,5,True,False,False,0.41,1.1,0.89,0.055,4240622.71,793134.47,1.1384,33.4,AI_PROJ_0443,2024-05-18,Completed,1.0,IBM Watson + Java,21,False
COMP_0444,Small,2,391566.97,3915.67,0.01,Technology,28,North America,Private,Declining,Customer Analytics/Personalization,Intermediate,22975.08,0.058675,3,True,False,True,0.81,33.98,80.0,3.597,133052.64,3132.54,2.9638,88.0,AI_PROJ_0444,2024-10-15,Deployment,0.94,H2O.ai + R,2,False
COMP_0445,Small,1,233746.81,41358.46,0.1769,Technology,3,Europe,Private,Startup,Process Automation,Intermediate,10499.61,0.044919,3,False,True,True,0.88,31.47,44.27,2.418,73571.13,18308.99,4.3754,6.9,AI_PROJ_0445,2025-04-28,Development,0.63,AWS SageMaker + Python,9,False
COMP_0446,Medium,201,123909941.41,34419780.95,0.2778,Technology,12,North America,Public,Mature,Customer Analytics/Personalization,Intermediate,2326246.08,0.018774,3,True,False,True,0.71,3.03,55.78,0.641,3754983.6,19200764.4,4.9341,1.5,AI_PROJ_0446,2024-02-16,Completed,1.0,Google Cloud AI + Python,17,True
COMP_0447,Small,49,5118883.95,1243408.42,0.2429,Professional Services,28,North America,Private,Mature,Process Automation,Intermediate,260285.25,0.050848,3,True,False,True,0.71,31.58,75.6,2.743,1616360.09,939958.34,4.9106,3.3,AI_PROJ_0447,2024-12-03,Deployment,0.9,H2O.ai + R,3,False
COMP_0448,Large,2780,1108090191.25,81711807.58,0.0737,Healthcare,2,Europe,Private,Growth,Process Automation,Intermediate,42849862.52,0.03867,3,True,False,False,0.48,5.0,4.3,0.25,55404509.56,3515799.66,0.6875,120.0,AI_PROJ_0448,2023-10-29,Completed,1.0,IBM Watson + Java,4,True
COMP_0449,Small,14,862378.92,97915.61,0.1135,Transportation/Logistics,29,North America,Private,Mature,Customer Analytics/Personalization,Intermediate,43131.73,0.050015,3,False,True,True,0.71,33.48,42.15,3.563,288701.42,41269.69,3.8252,12.5,AI_PROJ_0449,2024-10-16,Deployment,0.84,TensorFlow + Python,14,True
COMP_0450,Small,4,461111.8,94722.54,0.2054,Technology,4,North America,Private,Startup,Computer Vision,Intermediate,6306.3,0.013676,3,False,False,True,0.71,13.72,27.4,2.597,63267.89,25954.18,7.074,2.9,AI_PROJ_0450,2023-08-14,Completed,1.0,Azure ML + .NET,5,True
COMP_0451,Small,4,436703.98,26866.63,0.0615,Retail/E-commerce,3,North America,Private,Growth,Customer Analytics/Personalization,Basic,2613.66,0.005985,3,False,False,False,0.68,0.96,1.09,0.048,4174.21,292.82,0.8546,107.1,AI_PROJ_0451,2023-05-30,Completed,1.0,Microsoft Power Platform,9,False
COMP_0452,Medium,55,15712849.8,157128.5,0.01,Manufacturing,9,North America,Private,Growth,Natural Language Processing,Intermediate,425482.34,0.027079,3,True,False,True,0.64,14.36,61.71,1.339,2256254.42,96965.97,2.7654,52.7,AI_PROJ_0452,2023-06-11,Completed,1.0,H2O.ai + R,23,True
COMP_0453,Medium,72,28329474.76,3258421.09,0.115,Professional Services,2,Asia-Pacific,Public,Growth,Process Automation,Advanced,960653.14,0.03391,12,False,False,True,0.61,20.66,26.37,1.736,5853259.1,859324.45,3.4938,13.4,AI_PROJ_0453,2023-09-12,Completed,1.0,Scikit-learn + Python,5,True
COMP_0454,Medium,74,32141702.51,7246066.32,0.2254,Technology,16,Other,Private,Growth,Predictive Analytics,Intermediate,141885.98,0.004414,5,True,False,True,0.64,5.92,61.0,0.531,1901677.76,4419840.95,22.2768,0.4,AI_PROJ_0454,2023-02-27,Completed,1.0,IBM Watson + Java,7,True
COMP_0455,Small,38,5399728.65,1047789.16,0.194,Healthcare,17,North America,Private,Growth,Process Automation,Intermediate,166807.85,0.030892,4,False,False,False,0.68,5.0,4.12,0.25,269986.43,43207.92,0.9388,46.3,AI_PROJ_0455,2023-10-28,Completed,1.0,Scikit-learn + Python,21,False
COMP_0456,Medium,50,23310076.38,2470192.67,0.106,Retail/E-commerce,29,North America,Private,Mature,Process Automation,Intermediate,1018102.14,0.043676,3,True,False,True,0.65,24.29,71.08,2.959,5661624.13,1755766.49,3.6428,7.0,AI_PROJ_0456,2024-05-28,Completed,1.0,AWS SageMaker + Python,4,False
COMP_0457,Medium,50,24200451.08,2080596.41,0.086,Manufacturing,23,North America,Private,Mature,Process Automation,Intermediate,702528.65,0.02903,3,True,False,True,0.71,16.44,64.9,1.337,3978093.08,1350368.89,3.7923,6.2,AI_PROJ_0457,2025-08-19,Planning,0.11,Scikit-learn + Python,5,True
COMP_0458,Medium,292,78039761.73,9003345.18,0.1154,Education,10,Other,Private,Mature,Process Automation,Basic,431429.03,0.005528,4,True,False,False,0.53,-1.11,-1.18,-0.055,-865956.99,-106194.02,-1.1267,120.0,AI_PROJ_0458,2024-03-05,Completed,1.0,Azure ML + .NET,8,False
COMP_0459,Small,4,620118.21,6201.18,0.01,Manufacturing,1,North America,Private,Startup,Computer Vision,Intermediate,13587.96,0.021912,3,True,False,True,0.64,20.96,73.36,1.936,129978.09,4549.31,4.9502,35.8,AI_PROJ_0459,2023-10-14,Completed,1.0,Apache Spark + Scala,3,False
COMP_0460,Small,5,361392.26,42281.0,0.117,Manufacturing,40,North America,Private,Mature,Process Automation,Intermediate,11595.04,0.032084,3,False,True,True,0.81,20.33,33.26,1.595,73477.72,14063.52,3.7749,9.9,AI_PROJ_0460,2025-07-10,Planning,0.11,DataRobot Platform,7,False
COMP_0461,Small,1,180135.55,7089.54,0.0394,Financial Services,6,Europe,Private,Growth,Predictive Analytics,Basic,1496.46,0.008307,3,True,True,True,0.64,8.36,42.67,1.385,15055.07,3025.11,6.041,5.9,AI_PROJ_0461,2024-04-29,Completed,1.0,Custom ML Pipeline,24,True
COMP_0462,Small,14,1617794.39,453194.22,0.2801,Financial Services,1,North America,Private,Startup,Process Automation,Basic,23689.95,0.014643,3,False,False,True,0.78,9.58,13.22,0.648,155009.14,59897.41,4.5358,4.7,AI_PROJ_0462,2025-01-26,Deployment,0.89,IBM Watson + Java,4,False
COMP_0463,Medium,243,85592975.23,12147060.76,0.1419,Retail/E-commerce,34,North America,Public,Mature,Process Automation,Intermediate,1090985.54,0.012746,3,False,False,False,0.65,-0.59,-0.69,-0.029,-502033.25,-83495.62,-0.2683,120.0,AI_PROJ_0463,2024-11-26,Deployment,0.86,Apache Spark + Scala,10,True
COMP_0464,Small,31,4306208.17,583235.69,0.1354,Manufacturing,21,Asia-Pacific,Private,Mature,Customer Analytics/Personalization,Basic,19736.16,0.004583,3,False,False,True,0.74,2.27,2.6,0.119,97612.0,15165.27,2.8571,15.6,AI_PROJ_0464,2023-02-24,Completed,1.0,IBM Watson + Java,12,False
COMP_0465,Large,1107,963093538.64,101020660.22,0.1049,Other,10,North America,Public,Mature,Natural Language Processing,Intermediate,33792272.05,0.035087,3,True,False,True,0.46,20.94,67.29,1.188,201666365.3,67974098.87,3.9897,6.0,AI_PROJ_0465,2025-08-22,Planning,0.06,Azure ML + .NET,2,True
COMP_0466,Small,49,3852535.09,547596.12,0.1421,Healthcare,3,North America,Private,Startup,Computer Vision,Intermediate,67839.22,0.017609,13,False,False,False,0.66,-1.44,-1.44,-0.072,-55566.9,-7902.13,-0.4678,120.0,AI_PROJ_0466,2025-05-06,Development,0.54,Scikit-learn + Python,5,True
COMP_0467,Small,24,1734104.24,57018.95,0.0329,Retail/E-commerce,3,North America,Private,Startup,Natural Language Processing,Intermediate,69768.43,0.040233,9,False,False,True,0.68,22.2,39.36,2.298,384973.82,22444.49,2.9198,37.3,AI_PROJ_0467,2023-02-12,Completed,1.0,AWS SageMaker + Python,13,False
COMP_0468,Medium,50,38828694.14,9384946.61,0.2417,Technology,18,Europe,Private,Mature,Predictive Analytics,Basic,62793.83,0.001617,3,False,False,False,0.64,1.38,1.53,0.069,534792.51,143490.82,5.4009,5.3,AI_PROJ_0468,2023-10-27,Completed,1.0,Google Cloud AI + Python,5,True
COMP_0469,Small,5,399262.66,65584.58,0.1643,Energy/Utilities,23,Europe,Private,Mature,Process Automation,Intermediate,9651.96,0.024174,5,False,False,True,0.65,13.34,15.77,1.18,53264.83,10340.25,3.2949,11.2,AI_PROJ_0469,2025-07-08,Planning,0.2,AWS SageMaker + Python,8,True
COMP_0470,Small,16,3816122.84,1112534.49,0.2915,Technology,1,North America,Private,Growth,Natural Language Processing,Basic,83825.53,0.021966,3,True,False,True,0.81,11.94,73.44,2.075,455541.01,817081.46,7.5909,1.2,AI_PROJ_0470,2023-06-02,Completed,1.0,Scikit-learn + Python,19,True
COMP_0471,Small,17,2265366.57,119209.93,0.0526,Financial Services,14,North America,Private,Growth,Natural Language Processing,Basic,32677.1,0.014425,3,False,False,True,0.71,15.95,21.07,2.43,361271.14,25121.02,5.9123,15.6,AI_PROJ_0471,2024-12-04,Deployment,0.79,PyTorch + Python,2,True
COMP_0472,Medium,94,61211150.18,9938200.17,0.1624,Media/Entertainment,4,North America,Public,Startup,Predictive Analytics,Basic,1068060.27,0.017449,3,True,False,True,0.49,8.99,37.58,1.248,5501540.44,3734660.78,4.3238,3.4,AI_PROJ_0472,2024-02-27,Completed,1.0,DataRobot Platform,8,False
COMP_0473,Medium,79,21044545.27,5881324.92,0.2795,Technology,7,Asia-Pacific,Private,Growth,Fraud Detection/Risk Management,Intermediate,789383.7,0.03751,3,False,False,False,0.74,5.0,4.34,0.25,1052227.26,255262.07,0.8282,37.1,AI_PROJ_0473,2023-12-10,Completed,1.0,Google Cloud AI + Python,12,True
COMP_0474,Small,8,1009373.74,42073.37,0.0417,Healthcare,13,Europe,Private,Mature,Predictive Analytics,Basic,13950.96,0.013821,12,False,False,True,0.54,7.52,12.87,0.922,75887.78,5416.81,2.9139,30.9,AI_PROJ_0474,2023-11-20,Completed,1.0,DataRobot Platform,4,True
COMP_0475,Small,37,6229718.8,724885.38,0.1164,Professional Services,7,Europe,Private,Mature,Computer Vision,Basic,68104.19,0.010932,3,False,False,True,0.54,7.18,8.25,0.434,447267.01,59774.73,3.7225,13.7,AI_PROJ_0475,2023-05-07,Completed,1.0,Scikit-learn + Python,9,True
COMP_0476,Medium,117,43819017.3,7380709.72,0.1684,Other,8,Asia-Pacific,Private,Mature,Computer Vision,Intermediate,667701.12,0.015238,5,True,False,True,0.46,7.78,38.39,0.911,3407989.26,2833243.96,4.6737,2.8,AI_PROJ_0476,2024-08-26,Completed,1.0,DataRobot Platform,17,False
COMP_0477,Medium,50,22401739.39,1375675.27,0.0614,Retail/E-commerce,4,North America,Private,Startup,Customer Analytics/Personalization,Intermediate,488113.9,0.021789,3,False,False,True,0.58,16.14,19.84,1.198,3616539.91,272986.4,3.9842,21.5,AI_PROJ_0477,2023-12-19,Completed,1.0,Microsoft Power Platform,3,False
COMP_0478,Small,49,7206731.48,117093.28,0.0162,Financial Services,45,Europe,Private,Mature,Supply Chain Optimization,Basic,11594.97,0.001609,3,False,False,True,0.78,-6.16,-8.14,-0.485,-443896.0,-9525.83,-19.5525,120.0,AI_PROJ_0478,2023-04-14,Completed,1.0,Scikit-learn + Python,6,False
COMP_0479,Small,8,651370.86,123475.04,0.1896,Transportation/Logistics,2,North America,Private,Growth,Customer Analytics/Personalization,Intermediate,7218.06,0.011081,4,False,False,False,0.71,2.48,2.17,0.124,16128.94,2681.66,1.303,32.3,AI_PROJ_0479,2024-09-07,Completed,1.0,H2O.ai + R,14,True
COMP_0480,Medium,59,9246904.43,92469.04,0.01,Other,12,Asia-Pacific,Private,Growth,Process Automation,Intermediate,153567.79,0.016607,3,False,False,True,0.63,7.65,9.46,0.46,707491.34,8743.51,2.332,120.0,AI_PROJ_0480,2024-10-05,Deployment,0.91,IBM Watson + Java,3,True
COMP_0481,Small,15,1173782.86,11737.83,0.01,Manufacturing,12,North America,Private,Mature,Process Automation,Basic,14304.05,0.012186,3,False,False,False,0.81,1.37,1.57,0.069,16089.07,184.87,0.5689,120.0,AI_PROJ_0481,2024-06-12,Completed,1.0,AWS SageMaker + Python,9,True
COMP_0482,Medium,342,105928527.87,12761280.54,0.1205,Professional Services,16,North America,Private,Growth,Predictive Analytics,Advanced,8088281.04,0.076356,4,False,False,False,0.47,5.0,5.94,0.25,5296426.39,757756.7,0.3743,120.0,AI_PROJ_0482,2022-10-16,Completed,1.0,DataRobot Platform,10,False
COMP_0483,Large,1191,886189397.51,117304829.63,0.1324,Transportation/Logistics,5,Europe,Public,Startup,Process Automation,Basic,7340256.55,0.008283,3,True,False,True,0.58,2.33,43.97,0.128,20689271.59,51581760.37,4.9229,1.7,AI_PROJ_0483,2022-12-24,Completed,1.0,H2O.ai + R,3,False
COMP_0484,Small,17,1584500.06,250123.11,0.1579,Education,3,Europe,Private,Growth,Process Automation,Basic,35039.36,0.022114,3,False,False,False,0.63,5.0,5.13,0.25,79225.0,12828.33,1.3136,32.8,AI_PROJ_0484,2024-04-01,Completed,1.0,DataRobot Platform,10,False
COMP_0485,Small,12,2270206.23,251576.44,0.1108,Manufacturing,6,Other,Private,Growth,Natural Language Processing,Basic,45365.23,0.019983,3,False,False,True,0.74,15.51,18.25,1.604,352019.02,45916.91,4.3859,11.9,AI_PROJ_0485,2024-01-24,Completed,1.0,Azure ML + .NET,15,False
COMP_0486,Small,36,8094641.58,110475.42,0.0136,Technology,25,North America,Private,Mature,Process Automation,Intermediate,263152.93,0.03251,4,False,False,True,0.88,23.1,37.93,2.765,1869681.64,41906.99,3.6321,75.4,AI_PROJ_0486,2024-03-17,Completed,1.0,DataRobot Platform,3,False
COMP_0487,Small,11,1099286.87,77373.74,0.0704,Financial Services,1,North America,Private,Startup,Fraud Detection/Risk Management,Intermediate,22522.41,0.020488,6,False,False,True,0.74,11.1,15.32,1.332,122000.32,11854.84,2.9716,22.8,AI_PROJ_0487,2022-11-27,Completed,1.0,Custom ML Pipeline,9,True
COMP_0488,Small,14,2236573.5,246992.64,0.1104,Manufacturing,7,Asia-Pacific,Private,Mature,Customer Analytics/Personalization,Basic,12252.08,0.005478,3,False,False,False,0.74,2.59,2.77,0.129,57884.08,6837.12,2.6412,21.5,AI_PROJ_0488,2024-06-21,Completed,1.0,Microsoft Power Platform,19,False
COMP_0489,Medium,66,29211688.6,4380634.56,0.15,Technology,8,North America,Private,Mature,Process Automation,Intermediate,549138.45,0.018799,3,True,False,False,0.78,2.38,2.66,0.119,695706.57,116571.13,0.7396,56.5,AI_PROJ_0489,2025-03-30,Deployment,0.87,TensorFlow + Python,2,False
COMP_0490,Small,5,847969.83,127045.37,0.1498,Technology,15,North America,Private,Mature,Natural Language Processing,Basic,7724.31,0.009109,3,True,False,True,0.81,11.89,69.76,1.323,100832.74,88630.51,12.2641,1.0,AI_PROJ_0490,2024-07-10,Completed,1.0,TensorFlow + Python,5,False
COMP_0491,Small,13,1451973.02,299475.67,0.2063,Transportation/Logistics,10,North America,Private,Mature,Customer Analytics/Personalization,Intermediate,6114.33,0.004211,7,False,False,True,0.71,-3.1,-4.86,-0.391,-45043.84,-14563.24,-4.8744,120.0,AI_PROJ_0491,2023-08-05,Completed,1.0,Microsoft Power Platform,21,False
COMP_0492,Small,4,755360.35,34442.95,0.0456,Technology,2,North America,Private,Startup,Natural Language Processing,Intermediate,17196.15,0.022765,8,False,False,True,0.81,11.99,27.67,1.155,90560.6,9531.16,2.9103,21.7,AI_PROJ_0492,2024-02-23,Completed,1.0,IBM Watson + Java,3,False
COMP_0493,Small,6,450961.85,33472.8,0.0742,Education,2,North America,Private,Startup,Predictive Analytics,Basic,3653.81,0.008102,3,False,False,True,0.49,-3.72,-4.37,-0.401,-16755.77,-1462.85,-2.4931,120.0,AI_PROJ_0493,2025-07-06,Planning,0.18,Custom ML Pipeline,5,True
COMP_0494,Small,2,111301.1,16548.24,0.1487,Manufacturing,14,North America,Private,Mature,Process Automation,Intermediate,6558.15,0.058923,3,False,False,False,0.81,5.0,4.23,0.25,5565.06,699.54,0.4776,112.5,AI_PROJ_0494,2025-03-13,Deployment,0.91,TensorFlow + Python,19,False
COMP_0495,Small,31,4641906.49,534142.15,0.1151,Healthcare,17,North America,Private,Growth,Natural Language Processing,Basic,113432.2,0.024437,7,False,False,True,0.61,17.71,30.87,1.952,822206.42,164887.1,4.351,8.3,AI_PROJ_0495,2024-11-27,Deployment,0.83,Custom ML Pipeline,2,True
COMP_0496,Small,4,1006871.51,192105.28,0.1908,Technology,1,North America,Private,Startup,Computer Vision,Basic,1411.92,0.001402,3,True,False,True,0.71,-1.13,40.13,-0.225,-11401.6,77094.2,23.2636,0.2,AI_PROJ_0496,2023-11-02,Completed,1.0,Google Cloud AI + Python,9,False
COMP_0497,Medium,99,31240731.54,3671032.34,0.1175,Technology,30,Asia-Pacific,Public,Declining,Computer Vision,Basic,217322.17,0.006956,3,True,False,True,0.61,0.58,41.6,0.057,179792.96,1527133.65,3.9272,1.7,AI_PROJ_0497,2023-04-24,Completed,1.0,TensorFlow + Python,18,True
COMP_0498,Small,49,4727180.01,748129.56,0.1583,Healthcare,15,Asia-Pacific,Private,Growth,Predictive Analytics,Intermediate,56442.8,0.01194,25,True,True,True,0.79,9.88,53.06,1.014,467248.2,396984.23,7.6558,1.7,AI_PROJ_0498,2025-03-26,Deployment,0.74,AWS SageMaker + Python,4,True
COMP_0499,Small,49,4987497.48,535251.17,0.1073,Manufacturing,11,North America,Private,Growth,Process Automation,Basic,51599.41,0.010346,3,False,False,False,0.81,4.94,5.68,0.247,246278.95,30413.35,2.6812,20.4,AI_PROJ_0499,2023-02-09,Completed,1.0,PyTorch + Python,5,False
COMP_0500,Small,2,267792.49,46369.95,0.1732,Other,1,North America,Private,Startup,Predictive Analytics,Basic,2777.49,0.010372,3,False,True,False,0.59,1.28,1.45,0.064,3416.51,670.8,0.7358,49.7,AI_PROJ_0500,2023-03-01,Completed,1.0,IBM Watson + Java,22,False
